ts_utc,bot_id,bot_name,alias,event_type,delta_count,delta_qty,price_last,position_after,profit_after,schema_version
2026-06-10T08:18:55+00:00,5617871752,WLD,,IN_FILLED,1,0.0,0.5009,-300.0,0.0,3
2026-06-10T08:21:56+00:00,5617871752,WLD,,IN_FILLED,1,0.0,0.0,0.0,0.0,3
2026-06-10T08:24:56+00:00,5617871752,WLD,,IN_FILLED,1,0.0,0.0,0.0,0.85458,3
2026-06-10T08:24:56+00:00,5617871752,WLD,,OUT_FILLED,1,0.0,0.0,0.0,0.85458,3
2026-06-10T08:40:03+00:00,5693279219,SOL,,OUT_FILLED,1,0.0,63.8191304347826,3.0,0.916009,3
2026-06-10T08:40:03+00:00,5617871752,WLD,,IN_FILLED,2,0.0,0.49825,300.0,1.7097259999999999,3
2026-06-10T08:40:03+00:00,5617871752,WLD,,OUT_FILLED,1,0.0,0.49825,300.0,1.7097259999999999,3
2026-06-10T08:40:03+00:00,4306550166,XRP,,IN_FILLED,1,0.0,1.1061,-70.0,0.0,3
2026-06-10T08:44:03+00:00,5617871752,WLD,,IN_FILLED,1,0.0,0.0,0.0,1.7097259999999999,3
2026-06-10T08:46:04+00:00,4306550166,XRP,,IN_FILLED,1,0.0,0.0,0.0,0.0,3
2026-06-10T08:47:04+00:00,5617871752,WLD,,IN_FILLED,2,0.0,0.0,0.0,1.7097259999999999,3
2026-06-10T08:49:04+00:00,5617871752,WLD,,OUT_FILLED,1,0.0,0.50035,300.0,2.565334,3
2026-06-10T08:57:05+00:00,5617871752,WLD,,OUT_FILLED,1,0.0,0.0,0.0,3.300816,3
2026-06-10T09:00:05+00:00,5617871752,WLD,,IN_FILLED,2,0.0,0.0,0.0,3.300816,3
2026-06-10T09:15:07+00:00,4306550166,XRP,,OUT_FILLED,1,0.0,1.1076916666666667,50.0,0.291244,3
2026-06-10T09:16:07+00:00,5693279219,SOL,,IN_FILLED,1,0.0,0.0,0.0,0.916009,3
2026-06-10T09:17:07+00:00,5693279219,SOL,,IN_FILLED,1,0.0,63.3426086957,8.97,2.2246259999999998,3
2026-06-10T09:17:07+00:00,5693279219,SOL,,OUT_FILLED,1,0.0,63.3426086957,8.97,2.2246259999999998,3
2026-06-10T09:22:07+00:00,5693279219,SOL,,IN_FILLED,1,0.0,63.3426086957,5.07,2.2246259999999998,3
2026-06-10T09:22:07+00:00,4306550166,XRP,,IN_FILLED,1,0.0,0.0,0.0,0.291244,3
2026-06-10T09:31:08+00:00,5617871752,WLD,,IN_FILLED,1,0.0,0.4988083333,-900.0,5.011256,3
2026-06-10T09:31:08+00:00,5617871752,WLD,,OUT_FILLED,2,0.0,0.4988083333,-900.0,5.011256,3
2026-06-10T09:33:09+00:00,5617871752,WLD,,IN_FILLED,1,0.0,0.49963125,-1200.0,5.011256,3
2026-06-10T09:39:09+00:00,5693279219,SOL,,IN_FILLED,1,0.0,0.0,0.0,2.2246259999999998,3
2026-06-10T09:43:10+00:00,5617871752,WLD,,IN_FILLED,1,0.0,0.49963125,-647.0,5.806129,3
2026-06-10T09:43:10+00:00,5617871752,WLD,,OUT_FILLED,1,0.0,0.49963125,-647.0,5.806129,3
2026-06-10T09:53:11+00:00,5617871752,WLD,,IN_FILLED,1,0.0,0.500381646,-947.0,5.806129,3
2026-06-10T09:57:11+00:00,5617871752,WLD,,OUT_FILLED,1,0.0,0.5008071823,-1200.0,6.501728,3
2026-06-10T10:00:11+00:00,5617871752,WLD,,OUT_FILLED,1,0.0,0.5008071823,-900.0,7.296623,3
2026-06-10T10:01:11+00:00,5617871752,WLD,,IN_FILLED,1,0.0,0.5008071823,-647.0,7.296623,3
2026-06-10T10:06:12+00:00,5617871752,WLD,,IN_FILLED,1,0.0,0.5008071823,-347.0,7.296623,3
2026-06-10T10:07:12+00:00,5617871752,WLD,,OUT_FILLED,1,0.0,0.5008071823,-47.0,8.092106000000001,3
2026-06-10T10:18:13+00:00,5693279219,SOL,,OUT_FILLED,1,0.0,63.62466165413533,5.07,3.8751819999999997,3
2026-06-10T10:19:13+00:00,5617871752,WLD,,IN_FILLED,3,0.0,0.4901522368,1453.0,13.708058,3
2026-06-10T10:19:13+00:00,5617871752,WLD,,OUT_FILLED,4,0.0,0.4901522368,1453.0,13.708058,3
2026-06-10T10:29:14+00:00,5617871752,WLD,,IN_FILLED,1,0.0,0.4901522368,1303.0,13.708058,3
2026-06-10T10:31:15+00:00,5693279219,SOL,,IN_FILLED,1,0.0,0.0,0.0,3.8751819999999997,3
2026-06-10T10:32:15+00:00,5693279219,SOL,,OUT_FILLED,1,0.0,63.35925313283207,-5.07,5.576243,3
2026-06-10T10:32:15+00:00,5617871752,WLD,,OUT_FILLED,1,0.0,0.4901522368,1003.0,14.505011,3
2026-06-10T10:37:15+00:00,5617871752,WLD,,IN_FILLED,1,0.0,0.4901522368,808.0,14.505011,3
2026-06-10T10:56:16+00:00,5617871752,WLD,,IN_FILLED,1,0.0,0.490463003,1108.0,14.505011,3
2026-06-10T11:03:17+00:00,5617871752,WLD,,OUT_FILLED,1,0.0,0.490463003,808.0,15.271533,3
2026-06-10T11:05:17+00:00,5693279219,SOL,,IN_FILLED,2,0.0,63.3055261223,11.66,7.531176,3
2026-06-10T11:05:17+00:00,5693279219,SOL,,OUT_FILLED,1,0.0,63.3055261223,11.66,7.531176,3
2026-06-10T11:05:17+00:00,5617871752,WLD,,IN_FILLED,2,0.0,0.4903568974,1603.0,15.808882,3
2026-06-10T11:05:17+00:00,5617871752,WLD,,OUT_FILLED,1,0.0,0.4903568974,1603.0,15.808882,3
2026-06-10T11:07:17+00:00,5693279219,SOL,,OUT_FILLED,1,0.0,63.2348181846,14.66,8.56855,3
2026-06-10T11:11:17+00:00,5693279219,SOL,,IN_FILLED,1,0.0,63.2348181846,11.66,8.56855,3
2026-06-10T11:12:17+00:00,5617871752,WLD,,IN_FILLED,1,0.0,0.4931382588,1903.0,15.808882,3
2026-06-10T11:18:18+00:00,5617871752,WLD,,IN_FILLED,1,0.0,0.4931382588,1708.0,15.808882,3
2026-06-10T11:19:18+00:00,5617871752,WLD,,IN_FILLED,1,0.0,0.4931382588,1455.0,15.808882,3
2026-06-10T11:20:18+00:00,5617871752,WLD,,OUT_FILLED,1,0.0,0.4926393561,1605.0,16.192510000000002,3
2026-06-10T11:21:19+00:00,5693279219,SOL,,OUT_FILLED,1,0.0,63.2348181846,5.07,10.715101,3
2026-06-10T11:25:19+00:00,5617871752,WLD,,IN_FILLED,1,0.0,0.4926393561,1455.0,16.192510000000002,3
2026-06-10T11:26:19+00:00,5693279219,SOL,,IN_FILLED,1,0.0,63.1529698281,11.66,10.715101,3
2026-06-10T11:26:19+00:00,5617871752,WLD,,IN_FILLED,1,0.0,0.4926393561,1155.0,16.192510000000002,3
2026-06-10T11:29:19+00:00,5617871752,WLD,,IN_FILLED,1,0.0,0.4926393561,855.0,16.192510000000002,3
2026-06-10T11:35:19+00:00,5617871752,WLD,,IN_FILLED,1,0.0,0.4903138484,1455.0,17.049820000000004,3
2026-06-10T11:35:19+00:00,5617871752,WLD,,OUT_FILLED,1,0.0,0.4903138484,1455.0,17.049820000000004,3
2026-06-10T11:36:20+00:00,5617871752,WLD,,IN_FILLED,1,0.0,0.4870924748,2505.0,19.615152000000002,3
2026-06-10T11:36:20+00:00,5617871752,WLD,,OUT_FILLED,3,0.0,0.4870924748,2505.0,19.615152000000002,3
2026-06-10T11:38:20+00:00,5617871752,WLD,,IN_FILLED,1,0.0,0.4867296433,2805.0,19.615152000000002,3
2026-06-10T11:40:20+00:00,5617871752,WLD,,IN_FILLED,1,0.0,0.4867296433,2655.0,19.615152000000002,3
2026-06-10T11:42:20+00:00,5617871752,WLD,,IN_FILLED,1,0.0,0.4867296433,2055.0,20.323816,3
2026-06-10T11:42:20+00:00,5617871752,WLD,,OUT_FILLED,1,0.0,0.4867296433,2055.0,20.323816,3
2026-06-10T11:46:21+00:00,5617871752,WLD,,OUT_FILLED,1,0.0,0.4867296433,1755.0,21.121923000000002,3
2026-06-10T11:47:21+00:00,5693279219,SOL,,OUT_FILLED,1,0.0,63.1529698281,5.07,12.861514,3
2026-06-10T11:48:21+00:00,5617871752,WLD,,IN_FILLED,1,0.0,0.4867296433,1455.0,21.121923000000002,3
2026-06-10T12:02:22+00:00,5617871752,WLD,,OUT_FILLED,1,0.0,0.4867296433,1155.0,21.949411,3
2026-06-10T12:13:23+00:00,5617871752,WLD,,IN_FILLED,1,0.0,0.4867296433,855.0,21.949411,3
2026-06-10T12:14:23+00:00,5617871752,WLD,,OUT_FILLED,1,0.0,0.4867296433,555.0,22.746426,3
2026-06-10T12:28:24+00:00,5617871752,WLD,,IN_FILLED,1,0.0,0.4945,-45.0,23.542894999999998,3
2026-06-10T12:28:24+00:00,5617871752,WLD,,OUT_FILLED,1,0.0,0.4945,-45.0,23.542894999999998,3
2026-06-10T12:30:24+00:00,5693279219,SOL,,IN_FILLED,3,0.0,63.5540082758,-6.59,14.613258,3
2026-06-10T12:30:24+00:00,5693279219,SOL,,OUT_FILLED,1,0.0,63.5540082758,-6.59,14.613258,3
2026-06-10T12:30:24+00:00,5617871752,WLD,,IN_FILLED,2,0.0,0.4997775701,-1498.0,26.36209,3
2026-06-10T12:30:24+00:00,5617871752,WLD,,OUT_FILLED,3,0.0,0.4997775701,-1498.0,26.36209,3
2026-06-10T12:30:24+00:00,4306550166,XRP,,IN_FILLED,2,0.0,1.1090135729,-97.0,0.591995,3
2026-06-10T12:30:24+00:00,4306550166,XRP,,OUT_FILLED,1,0.0,1.1090135729,-97.0,0.591995,3
2026-06-10T12:31:24+00:00,5693279219,SOL,,IN_FILLED,1,0.0,63.9988804779,-22.05,17.267974000000002,3
2026-06-10T12:31:24+00:00,5693279219,SOL,,OUT_FILLED,2,0.0,63.9988804779,-22.05,17.267974000000002,3
2026-06-10T12:31:24+00:00,5617871752,WLD,,IN_FILLED,1,0.0,0.5019628023,-2398.0,27.71022,3
2026-06-10T12:31:24+00:00,5617871752,WLD,,OUT_FILLED,2,0.0,0.5019628023,-2398.0,27.71022,3
2026-06-10T12:31:24+00:00,4306550166,XRP,,OUT_FILLED,1,0.0,1.1119001127,-147.0,0.8829980000000001,3
2026-06-10T12:32:24+00:00,5617871752,WLD,,IN_FILLED,1,0.0,0.5019628023,-2248.0,27.71022,3
2026-06-10T12:32:24+00:00,4306550166,XRP,,IN_FILLED,1,0.0,1.1119001127,-97.0,0.8829980000000001,3
2026-06-10T12:33:24+00:00,5617871752,WLD,,IN_FILLED,2,0.0,0.5045716736,-3298.0,29.050000999999998,3
2026-06-10T12:33:24+00:00,5617871752,WLD,,OUT_FILLED,2,0.0,0.5045716736,-3298.0,29.050000999999998,3
2026-06-10T12:33:24+00:00,4306550166,XRP,,IN_FILLED,1,0.0,1.1161676441,-284.0,1.1339100000000002,3
2026-06-10T12:33:24+00:00,4306550166,XRP,,OUT_FILLED,1,0.0,1.1161676441,-284.0,1.1339100000000002,3
2026-06-10T12:34:25+00:00,5693279219,SOL,,IN_FILLED,1,0.0,64.1871041151,-33.18,17.267974000000002,3
2026-06-10T12:34:25+00:00,5617871752,WLD,,IN_FILLED,1,0.0,0.5045716736,-3198.0,29.050000999999998,3
2026-06-10T12:35:25+00:00,5617871752,WLD,,IN_FILLED,1,0.0,0.5045716736,-3068.0,29.050000999999998,3
2026-06-10T12:36:25+00:00,5693279219,SOL,,OUT_FILLED,1,0.0,64.1871041151,-22.05,21.218546000000003,3
2026-06-10T12:36:25+00:00,5617871752,WLD,,OUT_FILLED,1,0.0,0.5045716736,-2768.0,29.992932,3
2026-06-10T12:46:26+00:00,5617871752,WLD,,IN_FILLED,2,0.0,0.5053371553,-2899.0,29.992932,3
2026-06-10T12:47:26+00:00,5617871752,WLD,,OUT_FILLED,1,0.0,0.5057389941,-3029.0,30.440267,3
2026-06-10T12:55:27+00:00,5617871752,WLD,,IN_FILLED,1,0.0,0.5057389941,-2899.0,30.440267,3
2026-06-10T13:00:29+00:00,5617871752,WLD,,OUT_FILLED,1,0.0,0.5057389941,-2599.0,31.473062,3
2026-06-10T13:02:28+00:00,5617871752,WLD,,IN_FILLED,1,0.0,0.5057389941,-2380.0,31.473062,3
2026-06-10T13:03:28+00:00,5693279219,SOL,,IN_FILLED,1,0.0,64.1871041151,-19.05,21.218546000000003,3
2026-06-10T13:15:29+00:00,5617871752,WLD,,OUT_FILLED,1,0.0,0.5062075821,-2599.0,32.183355999999996,3
2026-06-10T13:16:29+00:00,5617871752,WLD,,IN_FILLED,1,0.0,0.50690014,-2899.0,32.183355999999996,3
2026-06-10T13:29:30+00:00,5693279219,SOL,,OUT_FILLED,1,0.0,64.211987909,-22.05,22.223767000000002,3
2026-06-10T13:30:31+00:00,5693279219,SOL,,IN_FILLED,1,0.0,64.3186628509,-33.18,22.223767000000002,3
2026-06-10T13:30:31+00:00,5617871752,WLD,,IN_FILLED,2,0.0,0.5084285522,-3329.0,32.788478999999995,3
2026-06-10T13:30:31+00:00,5617871752,WLD,,OUT_FILLED,2,0.0,0.5084285522,-3329.0,32.788478999999995,3
2026-06-10T13:31:31+00:00,5693279219,SOL,,IN_FILLED,1,0.0,64.3186628509,-30.18,22.223767000000002,3
2026-06-10T13:31:31+00:00,4306550166,XRP,,IN_FILLED,2,0.0,1.1192462414,-426.0,1.1339100000000002,3
2026-06-10T13:32:31+00:00,5693279219,SOL,,OUT_FILLED,1,0.0,64.3878934706,-35.25,24.123937,3
2026-06-10T13:32:31+00:00,4306550166,XRP,,OUT_FILLED,1,0.0,1.120171167,-496.0,1.5144380000000002,3
2026-06-10T13:36:31+00:00,5693279219,SOL,,IN_FILLED,1,0.0,64.5204919543,-47.25,24.123937,3
2026-06-10T13:37:32+00:00,5693279219,SOL,,IN_FILLED,1,0.0,64.5204919543,-43.35,24.123937,3
2026-06-10T13:38:31+00:00,5617871752,WLD,,IN_FILLED,2,0.0,0.5100205394,-3668.0,33.301812,3
2026-06-10T13:38:31+00:00,5617871752,WLD,,OUT_FILLED,1,0.0,0.5100205394,-3668.0,33.301812,3
2026-06-10T13:40:32+00:00,5693279219,SOL,,OUT_FILLED,1,0.0,64.5592950641,-46.35,25.127584000000002,3
2026-06-10T13:40:32+00:00,5617871752,WLD,,OUT_FILLED,1,0.0,0.5103835824,-3768.0,33.655288999999996,3
2026-06-10T13:40:32+00:00,4306550166,XRP,,IN_FILLED,1,0.0,1.1234035953,-764.0,1.5144380000000002,3
2026-06-10T13:41:32+00:00,4306550166,XRP,,IN_FILLED,1,0.0,1.1234035953,-694.0,1.5144380000000002,3
2026-06-10T13:43:32+00:00,4306550166,XRP,,OUT_FILLED,1,0.0,1.1239813107,-744.0,1.8099350000000003,3
2026-06-10T13:44:32+00:00,5693279219,SOL,,IN_FILLED,1,0.0,64.711625128,-58.35,25.127584000000002,3
2026-06-10T13:45:32+00:00,5693279219,SOL,,IN_FILLED,1,0.0,64.711625128,-55.35,25.127584000000002,3
2026-06-10T13:45:32+00:00,4306550166,XRP,,IN_FILLED,1,0.0,1.1278338635,-1120.0,1.8099350000000003,3
2026-06-10T13:50:33+00:00,5617871752,WLD,,IN_FILLED,1,0.0,0.5103835824,-3368.0,34.656141,3
2026-06-10T13:50:33+00:00,5617871752,WLD,,OUT_FILLED,1,0.0,0.5103835824,-3368.0,34.656141,3
2026-06-10T13:54:33+00:00,5617871752,WLD,,OUT_FILLED,1,0.0,0.5103835824,-3068.0,35.747949,3
2026-06-10T13:57:33+00:00,5617871752,WLD,,IN_FILLED,1,0.0,0.5103835824,-2899.0,35.747949,3
2026-06-10T14:00:34+00:00,4306550166,XRP,,OUT_FILLED,1,0.0,1.1278338635,-744.0,4.24067,3
2026-06-10T14:01:34+00:00,5693279219,SOL,,OUT_FILLED,1,0.0,64.711625128,-43.35,29.260702000000002,3
2026-06-10T14:02:34+00:00,5617871752,WLD,,IN_FILLED,1,0.0,0.5103835824,-2380.0,36.810649,3
2026-06-10T14:02:34+00:00,5617871752,WLD,,OUT_FILLED,1,0.0,0.5103835824,-2380.0,36.810649,3
2026-06-10T14:02:34+00:00,4306550166,XRP,,IN_FILLED,1,0.0,1.1278338635,-694.0,4.24067,3
2026-06-10T14:11:35+00:00,5617871752,WLD,,IN_FILLED,1,0.0,0.5103835824,-1495.0,39.388726,3
2026-06-10T14:11:35+00:00,5617871752,WLD,,OUT_FILLED,2,0.0,0.5103835824,-1495.0,39.388726,3
2026-06-10T14:18:35+00:00,5617871752,WLD,,IN_FILLED,1,0.0,0.5103835824,-1195.0,39.388726,3
2026-06-10T14:18:35+00:00,4306550166,XRP,,OUT_FILLED,1,0.0,1.1278338635,-426.0,5.874891,3
2026-06-10T14:21:37+00:00,5693279219,SOL,,IN_FILLED,1,0.0,64.711625128,-38.28,29.260702000000002,3
2026-06-10T14:21:37+00:00,4306550166,XRP,,IN_FILLED,1,0.0,1.1278338635,-329.0,5.874891,3
2026-06-10T14:24:36+00:00,5617871752,WLD,,OUT_FILLED,1,0.0,0.5087815257,-1495.0,40.303579,3
2026-06-10T14:25:36+00:00,5693279219,SOL,,OUT_FILLED,1,0.0,64.758217068,-43.35,31.058336,3
2026-06-10T14:32:37+00:00,5693279219,SOL,,IN_FILLED,1,0.0,64.758217068,-38.28,31.058336,3
2026-06-10T14:45:38+00:00,5617871752,WLD,,IN_FILLED,1,0.0,0.5087815257,-895.0,41.788778,3
2026-06-10T14:45:38+00:00,5617871752,WLD,,OUT_FILLED,1,0.0,0.5087815257,-895.0,41.788778,3
2026-06-10T14:52:39+00:00,5617871752,WLD,,OUT_FILLED,1,0.0,0.5087815257,-595.0,42.704597,3
2026-06-10T15:00:39+00:00,5617871752,WLD,,IN_FILLED,1,0.0,0.5054022433,-895.0,42.704597,3
2026-06-10T15:01:40+00:00,5617871752,WLD,,OUT_FILLED,1,0.0,0.504020927,-1195.0,43.649985,3
2026-06-10T15:02:39+00:00,5693279219,SOL,,OUT_FILLED,1,0.0,64.8087162483,-43.35,32.870394,3
2026-06-10T15:02:39+00:00,4306550166,XRP,,OUT_FILLED,1,0.0,1.1278261528,-426.0,6.458144,3
2026-06-10T15:03:39+00:00,5617871752,WLD,,IN_FILLED,1,0.0,0.5037759249,-1495.0,43.649985,3
2026-06-10T15:05:39+00:00,5617871752,WLD,,IN_FILLED,1,0.0,0.5037759249,-895.0,44.624775,3
2026-06-10T15:05:39+00:00,5617871752,WLD,,OUT_FILLED,1,0.0,0.5037759249,-895.0,44.624775,3
2026-06-10T15:06:40+00:00,4306550166,XRP,,IN_FILLED,1,0.0,1.1278261528,-329.0,6.458144,3
2026-06-10T15:09:40+00:00,5617871752,WLD,,IN_FILLED,1,0.0,0.5037759249,-295.0,45.570415,3
2026-06-10T15:09:40+00:00,5617871752,WLD,,OUT_FILLED,1,0.0,0.5037759249,-295.0,45.570415,3
2026-06-10T15:11:40+00:00,5693279219,SOL,,IN_FILLED,1,0.0,64.8087162483,-26.28,36.166494,3
2026-06-10T15:11:40+00:00,5693279219,SOL,,OUT_FILLED,1,0.0,64.8087162483,-26.28,36.166494,3
2026-06-10T15:20:42+00:00,5617871752,WLD,,IN_FILLED,1,0.0,0.5001719529,-895.0,46.576159999999994,3
2026-06-10T15:20:42+00:00,5617871752,WLD,,OUT_FILLED,1,0.0,0.5001719529,-895.0,46.576159999999994,3
2026-06-10T15:22:43+00:00,5693279219,SOL,,IN_FILLED,1,0.0,64.8990556633,-43.35,37.913872,3
2026-06-10T15:22:43+00:00,5693279219,SOL,,OUT_FILLED,1,0.0,64.8990556633,-43.35,37.913872,3
2026-06-10T15:24:43+00:00,4306550166,XRP,,OUT_FILLED,1,0.0,1.1278657377,-426.0,7.06079,3
2026-06-10T15:28:43+00:00,5617871752,WLD,,OUT_FILLED,1,0.0,0.5005555631,-1195.0,47.31109599999999,3
2026-06-10T15:30:43+00:00,5617871752,WLD,,IN_FILLED,1,0.0,0.5009256842,-1495.0,47.31109599999999,3
2026-06-10T15:37:44+00:00,5617871752,WLD,,IN_FILLED,1,0.0,0.5009256842,-895.0,48.796147999999995,3
2026-06-10T15:37:44+00:00,5617871752,WLD,,OUT_FILLED,1,0.0,0.5009256842,-895.0,48.796147999999995,3
2026-06-10T15:38:44+00:00,5617871752,WLD,,IN_FILLED,3,0.0,0.4841848338,1655.0,54.165718,3
2026-06-10T15:38:44+00:00,5617871752,WLD,,OUT_FILLED,6,0.0,0.4841848338,1655.0,54.165718,3
2026-06-10T15:39:44+00:00,5617871752,WLD,,IN_FILLED,2,0.0,0.4818474057,2255.0,54.165718,3
2026-06-10T15:40:44+00:00,5617871752,WLD,,IN_FILLED,1,0.0,0.4794084045,2808.0,54.877252,3
2026-06-10T15:40:44+00:00,5617871752,WLD,,OUT_FILLED,1,0.0,0.4794084045,2808.0,54.877252,3
2026-06-10T15:42:45+00:00,5617871752,WLD,,IN_FILLED,1,0.0,0.4780851994,3108.0,54.877252,3
2026-06-10T15:43:45+00:00,5617871752,WLD,,IN_FILLED,1,0.0,0.4780851994,3008.0,54.877252,3
2026-06-10T15:44:45+00:00,5617871752,WLD,,IN_FILLED,3,0.0,0.4780851994,1435.0,57.910278999999996,3
2026-06-10T15:44:45+00:00,5617871752,WLD,,OUT_FILLED,3,0.0,0.4780851994,1435.0,57.910278999999996,3
2026-06-10T15:45:45+00:00,5617871752,WLD,,IN_FILLED,1,0.0,0.4777728262,1435.0,58.726957999999996,3
2026-06-10T15:45:45+00:00,5617871752,WLD,,OUT_FILLED,1,0.0,0.4777728262,1435.0,58.726957999999996,3
2026-06-10T15:46:45+00:00,5693279219,SOL,,OUT_FILLED,1,0.0,64.9503082117,-47.25,39.373574999999995,3
2026-06-10T15:46:45+00:00,4306550166,XRP,,IN_FILLED,1,0.0,1.128380986,-694.0,7.06079,3
2026-06-10T15:48:45+00:00,5693279219,SOL,,IN_FILLED,1,0.0,64.9503082117,-43.35,39.373574999999995,3
2026-06-10T15:48:45+00:00,5617871752,WLD,,OUT_FILLED,1,0.0,0.4773630846,1720.0,59.657776999999996,3
2026-06-10T15:48:45+00:00,4306550166,XRP,,IN_FILLED,1,0.0,1.128380986,-329.0,8.67199,3
2026-06-10T15:48:45+00:00,4306550166,XRP,,OUT_FILLED,1,0.0,1.128380986,-329.0,8.67199,3
2026-06-10T15:50:45+00:00,5617871752,WLD,,IN_FILLED,2,0.0,0.4751742046,2539.0,60.30799,3
2026-06-10T15:50:45+00:00,5617871752,WLD,,OUT_FILLED,1,0.0,0.4751742046,2539.0,60.30799,3
2026-06-10T15:51:45+00:00,5617871752,WLD,,OUT_FILLED,1,0.0,0.4751742046,2239.0,61.25936299999999,3
2026-06-10T15:53:46+00:00,5617871752,WLD,,IN_FILLED,1,0.0,0.4744210493,2539.0,61.25936299999999,3
2026-06-10T15:54:46+00:00,5693279219,SOL,,IN_FILLED,1,0.0,65.09923816,-59.25,40.75541499999999,3
2026-06-10T15:54:46+00:00,5693279219,SOL,,OUT_FILLED,1,0.0,65.09923816,-59.25,40.75541499999999,3
2026-06-10T15:54:46+00:00,5617871752,WLD,,IN_FILLED,1,0.0,0.4744210493,2020.0,62.240536999999996,3
2026-06-10T15:54:46+00:00,5617871752,WLD,,OUT_FILLED,1,0.0,0.4744210493,2020.0,62.240536999999996,3
2026-06-10T15:54:46+00:00,4306550166,XRP,,IN_FILLED,1,0.0,1.1286866634,-694.0,9.226173999999999,3
2026-06-10T15:54:46+00:00,4306550166,XRP,,OUT_FILLED,1,0.0,1.1286866634,-694.0,9.226173999999999,3
2026-06-10T15:56:46+00:00,5617871752,WLD,,IN_FILLED,1,0.0,0.4734059155,2539.0,62.912687999999996,3
2026-06-10T15:56:46+00:00,5617871752,WLD,,OUT_FILLED,1,0.0,0.4734059155,2539.0,62.912687999999996,3
2026-06-10T15:58:46+00:00,5617871752,WLD,,OUT_FILLED,1,0.0,0.4729187664,2708.0,63.550264999999996,3
2026-06-10T16:02:47+00:00,5617871752,WLD,,IN_FILLED,1,0.0,0.472009315,3008.0,63.550264999999996,3
2026-06-10T16:03:47+00:00,5617871752,WLD,,OUT_FILLED,1,0.0,0.4714242958,3203.0,64.03646499999999,3
2026-06-10T16:04:47+00:00,5617871752,WLD,,IN_FILLED,2,0.0,0.4704202168,3373.0,64.03646499999999,3
2026-06-10T16:05:47+00:00,5693279219,SOL,,OUT_FILLED,1,0.0,65.09923816,-47.25,44.88668499999999,3
2026-06-10T16:05:47+00:00,5617871752,WLD,,OUT_FILLED,1,0.0,0.4700625947,3473.0,64.354282,3
2026-06-10T16:13:48+00:00,5617871752,WLD,,IN_FILLED,1,0.0,0.4700625947,3373.0,64.354282,3
2026-06-10T16:14:48+00:00,5617871752,WLD,,IN_FILLED,3,0.0,0.4665341832,4073.0,65.159472,3
2026-06-10T16:14:48+00:00,5617871752,WLD,,OUT_FILLED,2,0.0,0.4665341832,4073.0,65.159472,3
2026-06-10T16:14:48+00:00,4306550166,XRP,,OUT_FILLED,1,0.0,1.1286866634,-426.0,10.837298999999998,3
2026-06-10T16:16:48+00:00,5617871752,WLD,,OUT_FILLED,1,0.0,0.4665341832,3773.0,66.054688,3
2026-06-10T16:18:48+00:00,5617871752,WLD,,IN_FILLED,1,0.0,0.4665341832,3673.0,66.054688,3
2026-06-10T16:20:49+00:00,5693279219,SOL,,IN_FILLED,1,0.0,65.09923816,-43.35,44.88668499999999,3
2026-06-10T16:21:49+00:00,4306550166,XRP,,IN_FILLED,1,0.0,1.1286866634,-329.0,10.837298999999998,3
2026-06-10T16:24:49+00:00,5617871752,WLD,,IN_FILLED,2,0.0,0.4649766891,3973.0,66.452974,3
2026-06-10T16:24:49+00:00,5617871752,WLD,,OUT_FILLED,1,0.0,0.4649766891,3973.0,66.452974,3
2026-06-10T16:25:49+00:00,5693279219,SOL,,OUT_FILLED,1,0.0,65.09923816,-31.35,49.29429199999999,3
2026-06-10T16:25:49+00:00,4306550166,XRP,,OUT_FILLED,1,0.0,1.1286866634,-137.0,11.973110999999998,3
2026-06-10T16:32:50+00:00,5617871752,WLD,,IN_FILLED,1,0.0,0.4649766891,3804.0,66.452974,3
2026-06-10T16:33:50+00:00,5617871752,WLD,,IN_FILLED,2,0.0,0.4617028329,4403.0,68.222543,3
2026-06-10T16:33:50+00:00,5617871752,WLD,,OUT_FILLED,2,0.0,0.4617028329,4403.0,68.222543,3
2026-06-10T16:40:51+00:00,5617871752,WLD,,IN_FILLED,1,0.0,0.4617028329,3973.0,69.388946,3
2026-06-10T16:40:51+00:00,5617871752,WLD,,OUT_FILLED,1,0.0,0.4617028329,3973.0,69.388946,3
2026-06-10T16:42:51+00:00,5617871752,WLD,,IN_FILLED,1,0.0,0.4606073848,4273.0,69.388946,3
2026-06-10T16:45:52+00:00,5617871752,WLD,,IN_FILLED,1,0.0,0.4587908561,4403.0,71.121471,3
2026-06-10T16:45:52+00:00,5617871752,WLD,,OUT_FILLED,2,0.0,0.4587908561,4403.0,71.121471,3
2026-06-10T16:45:52+00:00,4306550166,XRP,,IN_FILLED,1,0.0,0.0,0.0,11.973110999999998,3
2026-06-10T16:47:52+00:00,5693279219,SOL,,IN_FILLED,1,0.0,65.09923816,-26.28,49.29429199999999,3
2026-06-10T16:47:52+00:00,4306550166,XRP,,OUT_FILLED,1,0.0,1.121777966101695,137.0,12.756715999999997,3
2026-06-10T16:48:52+00:00,4306550166,XRP,,IN_FILLED,1,0.0,1.114495992,329.0,12.756715999999997,3
2026-06-10T16:58:53+00:00,5617871752,WLD,,OUT_FILLED,15,0.0,0.0,0.0,-98.9617880017,3
2026-06-10T17:02:53+00:00,4306550166,XRP,,OUT_FILLED,1,0.0,1.114495992,137.0,13.874382999999998,3
2026-06-10T17:03:54+00:00,5693279219,SOL,,OUT_FILLED,1,0.0,65.0589307447,-31.35,51.042131999999995,3
2026-06-10T17:10:54+00:00,5693279219,SOL,,IN_FILLED,1,0.0,65.0589307447,-26.28,51.042131999999995,3
2026-06-10T17:29:57+00:00,5693279219,SOL,,OUT_FILLED,1,0.0,65.0589307447,-15.15,54.213564,3
2026-06-10T17:29:57+00:00,4306550166,XRP,,IN_FILLED,1,0.0,1.1116387565,329.0,13.874382999999998,3
2026-06-10T17:30:57+00:00,5693279219,SOL,,IN_FILLED,1,0.0,65.0589307447,-8.56,54.213564,3
2026-06-10T17:32:57+00:00,4306550166,XRP,,OUT_FILLED,1,0.0,1.1104003542,426.0,14.439247999999997,3
2026-06-10T17:38:57+00:00,5693279219,SOL,,OUT_FILLED,1,0.0,0.0,0.0,57.083175999999995,3
2026-06-10T17:42:58+00:00,4306550166,XRP,,IN_FILLED,1,0.0,1.1079287477,694.0,14.439247999999997,3
2026-06-10T17:49:58+00:00,4306550166,XRP,,OUT_FILLED,1,0.0,1.1079287477,426.0,16.000318999999998,3
