n,hit,net,per_year,pos_years,method,price,fast,slow,anchor,beats_base
1522,52.0,-0.117,"{2024: np.float64(-0.19), 2025: np.float64(-0.061), 2026: np.float64(-0.055)}",0,SMA,close,7,12,—,False
771,50.8,-0.109,"{2024: np.float64(-0.206), 2025: np.float64(-0.107), 2026: np.float64(0.188)}",1,SMA,close,7,12,MA200,False
1410,51.9,-0.12,"{2024: np.float64(-0.224), 2025: np.float64(-0.041), 2026: np.float64(-0.031)}",0,SMA,close,7,13,—,False
711,52.5,-0.045,"{2024: np.float64(-0.143), 2025: np.float64(-0.018), 2026: np.float64(0.178)}",1,SMA,close,7,13,MA200,False
1343,50.0,-0.171,"{2024: np.float64(-0.254), 2025: np.float64(-0.114), 2026: np.float64(-0.08)}",0,SMA,close,7,14,—,False
688,49.6,-0.136,"{2024: np.float64(-0.184), 2025: np.float64(-0.161), 2026: np.float64(0.08)}",1,SMA,close,7,14,MA200,False
1017,51.6,-0.109,"{2024: np.float64(-0.213), 2025: np.float64(-0.06), 2026: np.float64(0.071)}",1,SMA,close,7,21,—,False
513,51.9,-0.048,"{2024: np.float64(-0.139), 2025: np.float64(-0.042), 2026: np.float64(0.226)}",1,SMA,close,7,21,MA200,False
735,49.5,-0.244,"{2024: np.float64(-0.291), 2025: np.float64(-0.264), 2026: np.float64(-0.039)}",0,SMA,close,7,34,—,False
392,48.5,-0.285,"{2024: np.float64(-0.352), 2025: np.float64(-0.345), 2026: np.float64(0.112)}",1,SMA,close,7,34,MA200,False
538,47.6,-0.202,"{2024: np.float64(-0.282), 2025: np.float64(-0.243), 2026: np.float64(0.161)}",1,SMA,close,7,55,—,False
298,45.6,-0.247,"{2024: np.float64(-0.257), 2025: np.float64(-0.4), 2026: np.float64(0.264)}",1,SMA,close,7,55,MA200,False
438,48.4,-0.232,"{2024: np.float64(-0.306), 2025: np.float64(-0.313), 2026: np.float64(0.324)}",1,SMA,close,7,77,—,False
258,45.3,-0.392,"{2024: np.float64(-0.543), 2025: np.float64(-0.403), 2026: np.float64(0.174)}",1,SMA,close,7,77,MA200,False
424,47.6,-0.192,"{2024: np.float64(-0.247), 2025: np.float64(-0.347), 2026: np.float64(0.638)}",1,SMA,close,7,89,—,False
260,45.8,-0.383,"{2024: np.float64(-0.428), 2025: np.float64(-0.592), 2026: np.float64(0.695)}",1,SMA,close,7,89,MA200,False
386,49.0,-0.202,"{2024: np.float64(-0.203), 2025: np.float64(-0.318), 2026: np.float64(0.229)}",1,SMA,close,7,100,—,False
241,48.5,-0.287,"{2024: np.float64(-0.319), 2025: np.float64(-0.447), 2026: np.float64(0.399)}",1,SMA,close,7,100,MA200,False
260,47.3,-0.21,"{2024: np.float64(-0.118), 2025: np.float64(-0.327), 2026: np.float64(-0.064)}",0,SMA,close,7,200,—,False
218,47.2,-0.224,"{2024: np.float64(-0.162), 2025: np.float64(-0.308), 2026: np.float64(-0.092)}",0,SMA,close,7,200,MA200,False
409,52.8,0.013,"{2024: np.float64(-0.012), 2025: np.float64(0.017), 2026: np.float64(0.079)}",2,SMA,close,12,13,—,False
214,50.5,-0.244,"{2024: np.float64(-0.172), 2025: np.float64(-0.377), 2026: np.float64(-0.164)}",0,SMA,close,12,13,MA200,False
830,49.5,-0.165,"{2024: np.float64(-0.154), 2025: np.float64(-0.266), 2026: np.float64(0.042)}",1,SMA,close,12,14,—,False
431,48.7,-0.203,"{2024: np.float64(-0.228), 2025: np.float64(-0.361), 2026: np.float64(0.265)}",1,SMA,close,12,14,MA200,False
864,51.3,-0.114,"{2024: np.float64(-0.195), 2025: np.float64(-0.078), 2026: np.float64(0.037)}",1,SMA,close,12,21,—,False
451,48.1,-0.129,"{2024: np.float64(-0.217), 2025: np.float64(-0.069), 2026: np.float64(-0.04)}",0,SMA,close,12,21,MA200,False
613,48.0,-0.284,"{2024: np.float64(-0.3), 2025: np.float64(-0.365), 2026: np.float64(0.013)}",1,SMA,close,12,34,—,False
333,46.2,-0.32,"{2024: np.float64(-0.284), 2025: np.float64(-0.5), 2026: np.float64(0.11)}",1,SMA,close,12,34,MA200,False
430,46.5,-0.237,"{2024: np.float64(-0.275), 2025: np.float64(-0.38), 2026: np.float64(0.369)}",1,SMA,close,12,55,—,False
248,42.3,-0.415,"{2024: np.float64(-0.418), 2025: np.float64(-0.583), 2026: np.float64(0.329)}",1,SMA,close,12,55,MA200,False
342,48.2,-0.229,"{2024: np.float64(-0.088), 2025: np.float64(-0.517), 2026: np.float64(0.414)}",1,SMA,close,12,77,—,False
217,46.5,-0.265,"{2024: np.float64(-0.082), 2025: np.float64(-0.625), 2026: np.float64(0.726)}",1,SMA,close,12,77,MA200,False
327,49.5,-0.26,"{2024: np.float64(-0.305), 2025: np.float64(-0.407), 2026: np.float64(0.503)}",1,SMA,close,12,89,—,False
208,46.2,-0.377,"{2024: np.float64(-0.275), 2025: np.float64(-0.641), 2026: np.float64(0.399)}",1,SMA,close,12,89,MA200,False
293,46.4,-0.24,"{2024: np.float64(-0.174), 2025: np.float64(-0.412), 2026: np.float64(0.252)}",1,SMA,close,12,100,—,False
195,44.6,-0.371,"{2024: np.float64(-0.402), 2025: np.float64(-0.517), 2026: np.float64(0.3)}",1,SMA,close,12,100,MA200,False
203,45.8,-0.288,"{2024: np.float64(-0.18), 2025: np.float64(-0.504), 2026: np.float64(0.144)}",1,SMA,close,12,200,—,False
179,46.9,-0.297,"{2024: np.float64(-0.14), 2025: np.float64(-0.552), 2026: np.float64(0.159)}",1,SMA,close,12,200,MA200,False
312,52.2,-0.108,"{2024: np.float64(-0.111), 2025: np.float64(-0.121), 2026: np.float64(-0.067)}",0,SMA,close,13,14,—,False
165,47.3,-0.408,"{2024: np.float64(-0.27), 2025: np.float64(-0.756), 2026: np.float64(-0.005)}",0,SMA,close,13,14,MA200,False
834,50.6,-0.14,"{2024: np.float64(-0.243), 2025: np.float64(-0.094), 2026: np.float64(0.047)}",1,SMA,close,13,21,—,False
443,47.6,-0.172,"{2024: np.float64(-0.316), 2025: np.float64(-0.092), 2026: np.float64(0.041)}",1,SMA,close,13,21,MA200,False
591,47.9,-0.283,"{2024: np.float64(-0.288), 2025: np.float64(-0.344), 2026: np.float64(-0.085)}",0,SMA,close,13,34,—,False
320,46.2,-0.281,"{2024: np.float64(-0.178), 2025: np.float64(-0.512), 2026: np.float64(0.096)}",1,SMA,close,13,34,MA200,False
425,46.1,-0.234,"{2024: np.float64(-0.307), 2025: np.float64(-0.333), 2026: np.float64(0.372)}",1,SMA,close,13,55,—,False
244,41.0,-0.449,"{2024: np.float64(-0.526), 2025: np.float64(-0.563), 2026: np.float64(0.329)}",1,SMA,close,13,55,MA200,False
327,48.6,-0.194,"{2024: np.float64(-0.135), 2025: np.float64(-0.441), 2026: np.float64(0.562)}",1,SMA,close,13,77,—,False
201,47.3,-0.181,"{2024: np.float64(-0.086), 2025: np.float64(-0.538), 2026: np.float64(1.059)}",1,SMA,close,13,77,MA200,False
305,50.5,-0.181,"{2024: np.float64(-0.159), 2025: np.float64(-0.403), 2026: np.float64(0.683)}",1,SMA,close,13,89,—,False
192,47.9,-0.252,"{2024: np.float64(-0.138), 2025: np.float64(-0.585), 2026: np.float64(0.856)}",1,SMA,close,13,89,MA200,False
280,47.1,-0.199,"{2024: np.float64(-0.139), 2025: np.float64(-0.327), 2026: np.float64(0.137)}",1,SMA,close,13,100,—,False
188,46.8,-0.285,"{2024: np.float64(-0.238), 2025: np.float64(-0.395), 2026: np.float64(0.048)}",1,SMA,close,13,100,MA200,False
198,44.4,-0.285,"{2024: np.float64(-0.059), 2025: np.float64(-0.577), 2026: np.float64(0.127)}",1,SMA,close,13,200,—,False
176,45.5,-0.299,"{2024: np.float64(-0.007), 2025: np.float64(-0.626), 2026: np.float64(0.087)}",1,SMA,close,13,200,MA200,False
795,50.6,-0.155,"{2024: np.float64(-0.227), 2025: np.float64(-0.15), 2026: np.float64(0.054)}",1,SMA,close,14,21,—,False
420,49.3,-0.174,"{2024: np.float64(-0.247), 2025: np.float64(-0.186), 2026: np.float64(0.098)}",1,SMA,close,14,21,MA200,False
590,48.0,-0.267,"{2024: np.float64(-0.23), 2025: np.float64(-0.354), 2026: np.float64(-0.138)}",0,SMA,close,14,34,—,False
324,47.8,-0.25,"{2024: np.float64(-0.156), 2025: np.float64(-0.5), 2026: np.float64(0.192)}",1,SMA,close,14,34,MA200,False
406,46.8,-0.247,"{2024: np.float64(-0.291), 2025: np.float64(-0.379), 2026: np.float64(0.409)}",1,SMA,close,14,55,—,False
237,43.0,-0.379,"{2024: np.float64(-0.475), 2025: np.float64(-0.474), 2026: np.float64(0.463)}",1,SMA,close,14,55,MA200,False
322,48.8,-0.169,"{2024: np.float64(-0.134), 2025: np.float64(-0.419), 2026: np.float64(0.677)}",1,SMA,close,14,77,—,False
199,48.2,-0.116,"{2024: np.float64(-0.022), 2025: np.float64(-0.485), 2026: np.float64(1.106)}",1,SMA,close,14,77,MA200,False
296,50.7,-0.137,"{2024: np.float64(-0.132), 2025: np.float64(-0.329), 2026: np.float64(0.585)}",1,SMA,close,14,89,—,False
188,45.7,-0.27,"{2024: np.float64(-0.17), 2025: np.float64(-0.581), 2026: np.float64(0.692)}",1,SMA,close,14,89,MA200,False
270,48.5,-0.168,"{2024: np.float64(-0.071), 2025: np.float64(-0.276), 2026: np.float64(-0.019)}",0,SMA,close,14,100,—,False
179,46.4,-0.324,"{2024: np.float64(-0.333), 2025: np.float64(-0.366), 2026: np.float64(-0.129)}",0,SMA,close,14,100,MA200,False
191,45.0,-0.287,"{2024: np.float64(-0.05), 2025: np.float64(-0.58), 2026: np.float64(0.067)}",1,SMA,close,14,200,—,False
170,45.3,-0.347,"{2024: np.float64(-0.129), 2025: np.float64(-0.62), 2026: np.float64(-0.008)}",0,SMA,close,14,200,MA200,False
506,46.0,-0.326,"{2024: np.float64(-0.157), 2025: np.float64(-0.533), 2026: np.float64(-0.237)}",0,SMA,close,21,34,—,False
291,45.7,-0.35,"{2024: np.float64(0.04), 2025: np.float64(-0.849), 2026: np.float64(-0.019)}",1,SMA,close,21,34,MA200,False
349,50.4,-0.25,"{2024: np.float64(-0.205), 2025: np.float64(-0.543), 2026: np.float64(0.573)}",1,SMA,close,21,55,—,False
208,49.5,-0.275,"{2024: np.float64(-0.186), 2025: np.float64(-0.676), 2026: np.float64(0.869)}",1,SMA,close,21,55,MA200,False
286,49.7,-0.053,"{2024: np.float64(-0.055), 2025: np.float64(-0.234), 2026: np.float64(0.563)}",1,SMA,close,21,77,—,False
178,50.0,-0.106,"{2024: np.float64(-0.032), 2025: np.float64(-0.474), 2026: np.float64(0.974)}",1,SMA,close,21,77,MA200,False
247,51.0,-0.009,"{2024: np.float64(0.038), 2025: np.float64(-0.126), 2026: np.float64(0.258)}",2,SMA,close,21,89,—,False
159,51.6,-0.008,"{2024: np.float64(0.316), 2025: np.float64(-0.34), 2026: np.float64(0.208)}",2,SMA,close,21,89,MA200,False
234,45.7,-0.181,"{2024: np.float64(0.095), 2025: np.float64(-0.337), 2026: np.float64(-0.347)}",1,SMA,close,21,100,—,False
163,44.8,-0.321,"{2024: np.float64(-0.096), 2025: np.float64(-0.532), 2026: np.float64(-0.155)}",0,SMA,close,21,100,MA200,False
159,44.7,-0.246,"{2024: np.float64(-0.13), 2025: np.float64(-0.432), 2026: np.float64(0.051)}",1,SMA,close,21,200,—,False
146,43.2,-0.309,"{2024: np.float64(-0.273), 2025: np.float64(-0.439), 2026: np.float64(-0.009)}",0,SMA,close,21,200,MA200,False
278,50.7,-0.055,"{2024: np.float64(-0.276), 2025: np.float64(-0.118), 2026: np.float64(0.856)}",1,SMA,close,34,55,—,False
164,50.0,-0.167,"{2024: np.float64(-0.148), 2025: np.float64(-0.535), 2026: np.float64(1.087)}",1,SMA,close,34,55,MA200,False
230,52.6,0.014,"{2024: np.float64(-0.051), 2025: np.float64(-0.09), 2026: np.float64(0.565)}",1,SMA,close,34,77,—,False
153,50.3,0.034,"{2024: np.float64(0.175), 2025: np.float64(-0.253), 2026: np.float64(0.573)}",2,SMA,close,34,77,MA200,False
206,49.5,0.023,"{2024: np.float64(0.105), 2025: np.float64(-0.116), 2026: np.float64(0.248)}",2,SMA,close,34,89,—,False
143,48.3,-0.056,"{2024: np.float64(0.185), 2025: np.float64(-0.392), 2026: np.float64(0.386)}",2,SMA,close,34,89,MA200,False
198,51.0,-0.008,"{2024: np.float64(0.111), 2025: np.float64(-0.192), 2026: np.float64(0.251)}",2,SMA,close,34,100,—,False
133,55.6,-0.013,"{2024: np.float64(0.103), 2025: np.float64(-0.282), 2026: np.float64(0.527)}",2,SMA,close,34,100,MA200,False
131,51.1,0.017,"{2024: np.float64(0.446), 2025: np.float64(-0.382), 2026: np.float64(0.174)}",2,SMA,close,34,200,—,False
116,50.9,-0.023,"{2024: np.float64(0.496), 2025: np.float64(-0.503), 2026: np.float64(0.147)}",2,SMA,close,34,200,MA200,False
168,51.2,0.035,"{2024: np.float64(0.213), 2025: np.float64(-0.057), 2026: np.float64(-0.249)}",1,SMA,close,55,77,—,False
99,50.5,-0.097,"{2024: np.float64(0.066), 2025: np.float64(-0.305), 2026: np.float64(-0.013)}",1,SMA,close,55,77,MA200,False
162,45.7,-0.085,"{2024: np.float64(0.153), 2025: np.float64(-0.132), 2026: np.float64(-0.655)}",1,SMA,close,55,89,—,False
108,46.3,-0.167,"{2024: np.float64(-0.028), 2025: np.float64(-0.21), 2026: np.float64(-0.43)}",0,SMA,close,55,89,MA200,False
156,50.6,0.158,"{2024: np.float64(0.687), 2025: np.float64(-0.044), 2026: np.float64(-0.53)}",1,SMA,close,55,100,—,True
110,47.3,-0.061,"{2024: np.float64(0.144), 2025: np.float64(-0.036), 2026: np.float64(-0.542)}",1,SMA,close,55,100,MA200,False
95,50.5,0.038,"{2024: np.float64(0.54), 2025: np.float64(-0.199), 2026: np.float64(-0.668)}",1,SMA,close,55,200,—,False
88,52.3,0.055,"{2024: np.float64(0.611), 2025: np.float64(-0.193), 2026: np.float64(-0.668)}",1,SMA,close,55,200,MA200,False
105,52.4,0.088,"{2024: np.float64(0.184), 2025: np.float64(-0.083), 2026: np.float64(0.253)}",2,SMA,close,77,89,—,False
66,45.5,-0.095,"{2024: np.float64(-0.275), 2025: np.float64(0.034), 2026: None}",1,SMA,close,77,89,MA200,False
122,46.7,-0.067,"{2024: np.float64(0.399), 2025: np.float64(-0.286), 2026: np.float64(-0.677)}",1,SMA,close,77,100,—,False
84,48.8,0.035,"{2024: np.float64(0.361), 2025: np.float64(-0.123), 2026: np.float64(-0.37)}",1,SMA,close,77,100,MA200,False
86,50.0,0.178,"{2024: np.float64(0.039), 2025: np.float64(0.502), 2026: np.float64(-0.183)}",2,SMA,close,77,200,—,True
77,49.4,0.056,"{2024: np.float64(0.062), 2025: np.float64(0.089), 2026: np.float64(-0.064)}",2,SMA,close,77,200,MA200,False
73,52.1,0.212,"{2024: np.float64(0.237), 2025: np.float64(-0.094), 2026: np.float64(0.911)}",2,SMA,close,89,100,—,True
81,51.9,0.213,"{2024: np.float64(0.401), 2025: np.float64(0.392), 2026: np.float64(-0.751)}",2,SMA,close,89,200,—,True
68,50.0,0.026,"{2024: np.float64(0.268), 2025: np.float64(0.041), 2026: None}",2,SMA,close,89,200,MA200,False
74,50.0,0.074,"{2024: np.float64(0.105), 2025: np.float64(0.285), 2026: np.float64(-0.684)}",2,SMA,close,100,200,—,False
64,48.4,0.067,"{2024: np.float64(0.057), 2025: np.float64(0.288), 2026: None}",2,SMA,close,100,200,MA200,False
716,53.5,-0.008,"{2024: np.float64(-0.117), 2025: np.float64(0.066), 2026: np.float64(0.105)}",2,EMA,close,7,12,—,False
378,55.0,0.044,"{2024: np.float64(-0.006), 2025: np.float64(0.028), 2026: np.float64(0.234)}",2,EMA,close,7,12,MA200,False
765,53.5,-0.003,"{2024: np.float64(-0.072), 2025: np.float64(0.075), 2026: np.float64(-0.008)}",1,EMA,close,7,13,—,False
403,55.1,0.136,"{2024: np.float64(0.157), 2025: np.float64(0.118), 2026: np.float64(0.127)}",3,EMA,close,7,13,MA200,True
778,54.1,-0.02,"{2024: np.float64(-0.094), 2025: np.float64(0.071), 2026: np.float64(-0.041)}",1,EMA,close,7,14,—,False
403,54.3,0.038,"{2024: np.float64(0.024), 2025: np.float64(0.067), 2026: np.float64(0.003)}",3,EMA,close,7,14,MA200,False
796,52.6,-0.096,"{2024: np.float64(-0.136), 2025: np.float64(-0.068), 2026: np.float64(-0.065)}",0,EMA,close,7,21,—,False
415,52.0,-0.13,"{2024: np.float64(-0.082), 2025: np.float64(-0.236), 2026: np.float64(0.042)}",1,EMA,close,7,21,MA200,False
672,50.9,-0.144,"{2024: np.float64(-0.157), 2025: np.float64(-0.182), 2026: np.float64(0.022)}",1,EMA,close,7,34,—,False
373,51.5,-0.096,"{2024: np.float64(0.069), 2025: np.float64(-0.281), 2026: np.float64(0.028)}",2,EMA,close,7,34,MA200,False
547,46.8,-0.267,"{2024: np.float64(-0.242), 2025: np.float64(-0.396), 2026: np.float64(0.122)}",1,EMA,close,7,55,—,False
326,43.9,-0.359,"{2024: np.float64(-0.266), 2025: np.float64(-0.575), 2026: np.float64(0.17)}",1,EMA,close,7,55,MA200,False
461,49.0,-0.209,"{2024: np.float64(-0.144), 2025: np.float64(-0.363), 2026: np.float64(0.142)}",1,EMA,close,7,77,—,False
292,49.0,-0.283,"{2024: np.float64(-0.169), 2025: np.float64(-0.48), 2026: np.float64(0.088)}",1,EMA,close,7,77,MA200,False
406,49.5,-0.178,"{2024: np.float64(-0.082), 2025: np.float64(-0.296), 2026: np.float64(-0.034)}",0,EMA,close,7,89,—,False
272,47.8,-0.357,"{2024: np.float64(-0.239), 2025: np.float64(-0.5), 2026: np.float64(-0.175)}",0,EMA,close,7,89,MA200,False
386,49.2,-0.212,"{2024: np.float64(-0.195), 2025: np.float64(-0.334), 2026: np.float64(0.173)}",1,EMA,close,7,100,—,False
268,47.0,-0.38,"{2024: np.float64(-0.295), 2025: np.float64(-0.546), 2026: np.float64(-0.001)}",0,EMA,close,7,100,MA200,False
269,51.7,-0.224,"{2024: np.float64(-0.126), 2025: np.float64(-0.376), 2026: np.float64(-0.062)}",0,EMA,close,7,200,—,False
269,51.7,-0.224,"{2024: np.float64(-0.126), 2025: np.float64(-0.376), 2026: np.float64(-0.062)}",0,EMA,close,7,200,MA200,False
83,71.1,0.912,"{2024: np.float64(0.961), 2025: np.float64(0.806), 2026: np.float64(1.054)}",3,EMA,close,12,14,—,True
51,70.6,0.696,"{2024: np.float64(1.107), 2025: np.float64(0.275), 2026: None}",2,EMA,close,12,14,MA200,True
414,52.2,0.002,"{2024: np.float64(-0.017), 2025: np.float64(-0.184), 2026: np.float64(0.587)}",1,EMA,close,12,21,—,False
237,51.9,-0.051,"{2024: np.float64(0.05), 2025: np.float64(-0.309), 2026: np.float64(0.371)}",2,EMA,close,12,21,MA200,False
461,48.8,-0.243,"{2024: np.float64(-0.174), 2025: np.float64(-0.419), 2026: np.float64(0.098)}",1,EMA,close,12,34,—,False
268,46.3,-0.294,"{2024: np.float64(-0.061), 2025: np.float64(-0.691), 2026: np.float64(0.338)}",1,EMA,close,12,34,MA200,False
403,47.1,-0.261,"{2024: np.float64(-0.297), 2025: np.float64(-0.395), 2026: np.float64(0.266)}",1,EMA,close,12,55,—,False
255,43.1,-0.483,"{2024: np.float64(-0.326), 2025: np.float64(-0.706), 2026: np.float64(-0.148)}",0,EMA,close,12,55,MA200,False
340,44.7,-0.246,"{2024: np.float64(-0.279), 2025: np.float64(-0.352), 2026: np.float64(0.216)}",1,EMA,close,12,77,—,False
227,41.9,-0.455,"{2024: np.float64(-0.503), 2025: np.float64(-0.605), 2026: np.float64(0.236)}",1,EMA,close,12,77,MA200,False
313,49.2,-0.147,"{2024: np.float64(0.03), 2025: np.float64(-0.335), 2026: np.float64(0.014)}",2,EMA,close,12,89,—,False
226,47.3,-0.267,"{2024: np.float64(-0.152), 2025: np.float64(-0.462), 2026: np.float64(0.097)}",1,EMA,close,12,89,MA200,False
298,50.0,-0.187,"{2024: np.float64(-0.029), 2025: np.float64(-0.395), 2026: np.float64(0.103)}",1,EMA,close,12,100,—,False
221,48.0,-0.245,"{2024: np.float64(-0.141), 2025: np.float64(-0.446), 2026: np.float64(0.111)}",1,EMA,close,12,100,MA200,False
204,50.0,-0.198,"{2024: np.float64(-0.09), 2025: np.float64(-0.271), 2026: np.float64(-0.306)}",0,EMA,close,12,200,—,False
204,50.0,-0.198,"{2024: np.float64(-0.09), 2025: np.float64(-0.271), 2026: np.float64(-0.306)}",0,EMA,close,12,200,MA200,False
354,54.0,0.075,"{2024: np.float64(0.145), 2025: np.float64(-0.163), 2026: np.float64(0.562)}",2,EMA,close,13,21,—,False
204,56.9,0.225,"{2024: np.float64(0.363), 2025: np.float64(-0.08), 2026: np.float64(0.78)}",2,EMA,close,13,21,MA200,True
426,47.7,-0.25,"{2024: np.float64(-0.21), 2025: np.float64(-0.406), 2026: np.float64(0.112)}",1,EMA,close,13,34,—,False
243,45.7,-0.279,"{2024: np.float64(-0.087), 2025: np.float64(-0.654), 2026: np.float64(0.392)}",1,EMA,close,13,34,MA200,False
388,46.1,-0.266,"{2024: np.float64(-0.305), 2025: np.float64(-0.423), 2026: np.float64(0.367)}",1,EMA,close,13,55,—,False
249,42.2,-0.483,"{2024: np.float64(-0.412), 2025: np.float64(-0.67), 2026: np.float64(0.001)}",1,EMA,close,13,55,MA200,False
328,47.0,-0.212,"{2024: np.float64(-0.191), 2025: np.float64(-0.369), 2026: np.float64(0.325)}",1,EMA,close,13,77,—,False
224,45.1,-0.404,"{2024: np.float64(-0.393), 2025: np.float64(-0.592), 2026: np.float64(0.403)}",1,EMA,close,13,77,MA200,False
302,49.3,-0.141,"{2024: np.float64(-0.046), 2025: np.float64(-0.253), 2026: np.float64(-0.011)}",0,EMA,close,13,89,—,False
215,46.5,-0.263,"{2024: np.float64(-0.236), 2025: np.float64(-0.4), 2026: np.float64(0.104)}",1,EMA,close,13,89,MA200,False
298,50.3,-0.135,"{2024: np.float64(0.051), 2025: np.float64(-0.322), 2026: np.float64(0.04)}",2,EMA,close,13,100,—,False
223,47.1,-0.272,"{2024: np.float64(-0.089), 2025: np.float64(-0.495), 2026: np.float64(0.009)}",1,EMA,close,13,100,MA200,False
200,52.5,-0.173,"{2024: np.float64(0.025), 2025: np.float64(-0.203), 2026: np.float64(-0.63)}",1,EMA,close,13,200,—,False
200,52.5,-0.173,"{2024: np.float64(0.025), 2025: np.float64(-0.203), 2026: np.float64(-0.63)}",1,EMA,close,13,200,MA200,False
280,54.3,0.068,"{2024: np.float64(0.204), 2025: np.float64(-0.146), 2026: np.float64(0.259)}",2,EMA,close,14,21,—,False
158,57.0,0.146,"{2024: np.float64(0.391), 2025: np.float64(-0.108), 2026: np.float64(0.188)}",2,EMA,close,14,21,MA200,True
376,48.9,-0.222,"{2024: np.float64(-0.249), 2025: np.float64(-0.363), 2026: np.float64(0.22)}",1,EMA,close,14,34,—,False
217,45.2,-0.379,"{2024: np.float64(-0.328), 2025: np.float64(-0.59), 2026: np.float64(0.09)}",1,EMA,close,14,34,MA200,False
362,46.7,-0.243,"{2024: np.float64(-0.26), 2025: np.float64(-0.41), 2026: np.float64(0.35)}",1,EMA,close,14,55,—,False
238,44.1,-0.387,"{2024: np.float64(-0.271), 2025: np.float64(-0.63), 2026: np.float64(0.108)}",1,EMA,close,14,55,MA200,False
306,48.0,-0.143,"{2024: np.float64(-0.045), 2025: np.float64(-0.371), 2026: np.float64(0.457)}",1,EMA,close,14,77,—,False
213,47.4,-0.287,"{2024: np.float64(-0.225), 2025: np.float64(-0.504), 2026: np.float64(0.477)}",1,EMA,close,14,77,MA200,False
286,49.7,-0.13,"{2024: np.float64(0.009), 2025: np.float64(-0.278), 2026: np.float64(0.012)}",2,EMA,close,14,89,—,False
207,45.9,-0.229,"{2024: np.float64(-0.109), 2025: np.float64(-0.414), 2026: np.float64(0.053)}",1,EMA,close,14,89,MA200,False
279,49.5,-0.137,"{2024: np.float64(0.054), 2025: np.float64(-0.351), 2026: np.float64(0.1)}",2,EMA,close,14,100,—,False
213,46.9,-0.243,"{2024: np.float64(-0.046), 2025: np.float64(-0.458), 2026: np.float64(0.008)}",1,EMA,close,14,100,MA200,False
187,52.4,-0.2,"{2024: np.float64(-0.057), 2025: np.float64(-0.227), 2026: np.float64(-0.535)}",0,EMA,close,14,200,—,False
187,52.4,-0.2,"{2024: np.float64(-0.057), 2025: np.float64(-0.227), 2026: np.float64(-0.535)}",0,EMA,close,14,200,MA200,False
199,49.2,-0.099,"{2024: np.float64(-0.175), 2025: np.float64(-0.312), 2026: np.float64(0.866)}",1,EMA,close,21,34,—,False
129,42.6,-0.336,"{2024: np.float64(-0.375), 2025: np.float64(-0.568), 2026: np.float64(0.665)}",1,EMA,close,21,34,MA200,False
257,48.6,-0.056,"{2024: np.float64(0.1), 2025: np.float64(-0.404), 2026: np.float64(0.671)}",2,EMA,close,21,55,—,False
172,44.8,-0.24,"{2024: np.float64(-0.129), 2025: np.float64(-0.575), 2026: np.float64(0.767)}",1,EMA,close,21,55,MA200,False
221,52.0,0.06,"{2024: np.float64(0.368), 2025: np.float64(-0.144), 2026: np.float64(-0.029)}",1,EMA,close,21,77,—,False
159,47.2,-0.094,"{2024: np.float64(0.177), 2025: np.float64(-0.328), 2026: np.float64(-0.029)}",1,EMA,close,21,77,MA200,False
210,46.7,-0.136,"{2024: np.float64(0.123), 2025: np.float64(-0.382), 2026: np.float64(0.011)}",2,EMA,close,21,89,—,False
163,46.0,-0.206,"{2024: np.float64(-0.044), 2025: np.float64(-0.353), 2026: np.float64(-0.12)}",0,EMA,close,21,89,MA200,False
213,45.1,-0.187,"{2024: np.float64(0.011), 2025: np.float64(-0.372), 2026: np.float64(-0.118)}",1,EMA,close,21,100,—,False
182,45.6,-0.159,"{2024: np.float64(0.049), 2025: np.float64(-0.382), 2026: np.float64(0.034)}",2,EMA,close,21,100,MA200,False
154,47.4,-0.16,"{2024: np.float64(0.037), 2025: np.float64(-0.328), 2026: np.float64(-0.226)}",1,EMA,close,21,200,—,False
154,47.4,-0.16,"{2024: np.float64(0.037), 2025: np.float64(-0.328), 2026: np.float64(-0.226)}",1,EMA,close,21,200,MA200,False
94,55.3,0.167,"{2024: np.float64(0.115), 2025: np.float64(0.136), 2026: np.float64(0.357)}",3,EMA,close,34,55,—,True
72,54.2,0.056,"{2024: np.float64(-0.167), 2025: np.float64(0.04), 2026: np.float64(0.573)}",2,EMA,close,34,55,MA200,False
133,48.9,-0.114,"{2024: np.float64(0.195), 2025: np.float64(-0.467), 2026: np.float64(0.046)}",2,EMA,close,34,77,—,False
115,49.6,-0.067,"{2024: np.float64(0.141), 2025: np.float64(-0.36), 2026: np.float64(0.23)}",2,EMA,close,34,77,MA200,False
140,46.4,-0.237,"{2024: np.float64(-0.047), 2025: np.float64(-0.386), 2026: np.float64(-0.345)}",0,EMA,close,34,89,—,False
126,47.6,-0.194,"{2024: np.float64(-0.018), 2025: np.float64(-0.313), 2026: np.float64(-0.332)}",0,EMA,close,34,89,MA200,False
143,49.7,-0.037,"{2024: np.float64(0.312), 2025: np.float64(-0.403), 2026: np.float64(0.08)}",2,EMA,close,34,100,—,False
132,49.2,-0.08,"{2024: np.float64(0.288), 2025: np.float64(-0.434), 2026: np.float64(-0.003)}",1,EMA,close,34,100,MA200,False
114,44.7,-0.1,"{2024: np.float64(0.206), 2025: np.float64(-0.404), 2026: np.float64(-0.083)}",1,EMA,close,34,200,—,False
114,44.7,-0.1,"{2024: np.float64(0.206), 2025: np.float64(-0.404), 2026: np.float64(-0.083)}",1,EMA,close,34,200,MA200,False
46,52.2,0.074,"{2024: np.float64(0.907), 2025: np.float64(-0.965), 2026: np.float64(0.071)}",2,EMA,close,55,89,—,False
46,52.2,0.074,"{2024: np.float64(0.907), 2025: np.float64(-0.965), 2026: np.float64(0.071)}",2,EMA,close,55,89,MA200,False
64,46.9,-0.104,"{2024: np.float64(0.623), 2025: np.float64(-0.962), 2026: np.float64(-0.004)}",1,EMA,close,55,100,—,False
62,46.8,-0.174,"{2024: np.float64(0.459), 2025: np.float64(-0.962), 2026: np.float64(0.086)}",2,EMA,close,55,100,MA200,False
87,42.5,-0.535,"{2024: np.float64(-0.421), 2025: np.float64(-0.815), 2026: np.float64(0.002)}",1,EMA,close,55,200,—,False
87,42.5,-0.535,"{2024: np.float64(-0.421), 2025: np.float64(-0.815), 2026: np.float64(0.002)}",1,EMA,close,55,200,MA200,False
48,43.8,-0.127,"{2024: np.float64(-0.038), 2025: np.float64(-0.265), 2026: None}",0,EMA,close,77,200,—,False
48,43.8,-0.127,"{2024: np.float64(-0.038), 2025: np.float64(-0.265), 2026: None}",0,EMA,close,77,200,MA200,False
388,51.0,0.025,"{2024: np.float64(0.04), 2025: np.float64(-0.145), 2026: np.float64(0.499)}",2,SMMA,close,7,12,—,False
220,50.5,0.049,"{2024: np.float64(0.077), 2025: np.float64(-0.217), 2026: np.float64(0.755)}",2,SMMA,close,7,12,MA200,False
406,50.2,-0.099,"{2024: np.float64(-0.058), 2025: np.float64(-0.29), 2026: np.float64(0.358)}",1,SMMA,close,7,13,—,False
227,47.6,-0.182,"{2024: np.float64(-0.053), 2025: np.float64(-0.499), 2026: np.float64(0.456)}",1,SMMA,close,7,13,MA200,False
411,50.6,-0.151,"{2024: np.float64(-0.193), 2025: np.float64(-0.3), 2026: np.float64(0.398)}",1,SMMA,close,7,14,—,False
233,47.2,-0.23,"{2024: np.float64(-0.09), 2025: np.float64(-0.529), 2026: np.float64(0.248)}",1,SMMA,close,7,14,MA200,False
415,48.9,-0.199,"{2024: np.float64(-0.194), 2025: np.float64(-0.388), 2026: np.float64(0.342)}",1,SMMA,close,7,21,—,False
242,43.4,-0.407,"{2024: np.float64(-0.333), 2025: np.float64(-0.652), 2026: np.float64(0.207)}",1,SMMA,close,7,21,MA200,False
348,49.4,-0.143,"{2024: np.float64(-0.199), 2025: np.float64(-0.246), 2026: np.float64(0.392)}",1,SMMA,close,7,34,—,False
228,46.1,-0.374,"{2024: np.float64(-0.409), 2025: np.float64(-0.516), 2026: np.float64(0.311)}",1,SMMA,close,7,34,MA200,False
275,50.2,-0.108,"{2024: np.float64(0.064), 2025: np.float64(-0.302), 2026: np.float64(0.131)}",2,SMMA,close,7,55,—,False
215,48.8,-0.157,"{2024: np.float64(-0.042), 2025: np.float64(-0.311), 2026: np.float64(0.111)}",1,SMMA,close,7,55,MA200,False
227,49.8,-0.152,"{2024: np.float64(0.059), 2025: np.float64(-0.429), 2026: np.float64(0.161)}",2,SMMA,close,7,77,—,False
212,50.0,-0.151,"{2024: np.float64(0.116), 2025: np.float64(-0.457), 2026: np.float64(0.182)}",2,SMMA,close,7,77,MA200,False
206,50.5,-0.176,"{2024: np.float64(-0.108), 2025: np.float64(-0.357), 2026: np.float64(0.136)}",1,SMMA,close,7,89,—,False
204,50.0,-0.205,"{2024: np.float64(-0.173), 2025: np.float64(-0.357), 2026: np.float64(0.14)}",1,SMMA,close,7,89,MA200,False
194,51.5,-0.162,"{2024: np.float64(0.057), 2025: np.float64(-0.196), 2026: np.float64(-0.673)}",1,SMMA,close,7,100,—,False
194,51.5,-0.162,"{2024: np.float64(0.057), 2025: np.float64(-0.196), 2026: np.float64(-0.673)}",1,SMMA,close,7,100,MA200,False
122,52.5,-0.179,"{2024: np.float64(0.004), 2025: np.float64(-0.457), 2026: np.float64(0.378)}",2,SMMA,close,7,200,—,False
112,50.9,-0.306,"{2024: np.float64(-0.225), 2025: np.float64(-0.651), 2026: np.float64(0.93)}",1,SMMA,close,7,200,MA200,False
200,47.5,-0.15,"{2024: np.float64(-0.181), 2025: np.float64(-0.356), 2026: np.float64(0.685)}",1,SMMA,close,12,21,—,False
133,43.6,-0.346,"{2024: np.float64(-0.227), 2025: np.float64(-0.591), 2026: np.float64(0.212)}",1,SMMA,close,12,21,MA200,False
214,51.4,0.048,"{2024: np.float64(0.342), 2025: np.float64(-0.244), 2026: np.float64(0.196)}",2,SMMA,close,12,34,—,False
150,46.7,-0.125,"{2024: np.float64(-0.006), 2025: np.float64(-0.394), 2026: np.float64(0.379)}",1,SMMA,close,12,34,MA200,False
182,44.0,-0.22,"{2024: np.float64(0.006), 2025: np.float64(-0.446), 2026: np.float64(-0.112)}",1,SMMA,close,12,55,—,False
164,43.9,-0.195,"{2024: np.float64(0.009), 2025: np.float64(-0.39), 2026: np.float64(-0.109)}",1,SMMA,close,12,55,MA200,False
160,48.8,-0.262,"{2024: np.float64(0.058), 2025: np.float64(-0.563), 2026: np.float64(-0.188)}",1,SMMA,close,12,77,—,False
157,47.8,-0.304,"{2024: np.float64(-0.04), 2025: np.float64(-0.563), 2026: np.float64(-0.196)}",0,SMMA,close,12,77,MA200,False
160,50.6,-0.143,"{2024: np.float64(0.056), 2025: np.float64(-0.324), 2026: np.float64(-0.199)}",1,SMMA,close,12,89,—,False
160,50.6,-0.143,"{2024: np.float64(0.056), 2025: np.float64(-0.324), 2026: np.float64(-0.199)}",1,SMMA,close,12,89,MA200,False
148,48.0,-0.134,"{2024: np.float64(0.207), 2025: np.float64(-0.359), 2026: np.float64(-0.386)}",1,SMMA,close,12,100,—,False
148,48.0,-0.134,"{2024: np.float64(0.207), 2025: np.float64(-0.359), 2026: np.float64(-0.386)}",1,SMMA,close,12,100,MA200,False
96,45.8,-0.051,"{2024: np.float64(0.584), 2025: np.float64(-0.535), 2026: np.float64(0.197)}",2,SMMA,close,12,200,—,False
88,46.6,-0.136,"{2024: np.float64(0.428), 2025: np.float64(-0.773), 2026: np.float64(0.792)}",2,SMMA,close,12,200,MA200,False
172,46.5,-0.154,"{2024: np.float64(-0.137), 2025: np.float64(-0.36), 2026: np.float64(0.502)}",1,SMMA,close,13,21,—,False
113,42.5,-0.373,"{2024: np.float64(-0.143), 2025: np.float64(-0.735), 2026: np.float64(0.294)}",1,SMMA,close,13,21,MA200,False
196,53.6,0.09,"{2024: np.float64(0.351), 2025: np.float64(-0.107), 2026: np.float64(0.053)}",2,SMMA,close,13,34,—,False
136,49.3,-0.073,"{2024: np.float64(0.041), 2025: np.float64(-0.279), 2026: np.float64(0.246)}",2,SMMA,close,13,34,MA200,False
171,48.0,-0.212,"{2024: np.float64(-0.037), 2025: np.float64(-0.413), 2026: np.float64(-0.097)}",0,SMMA,close,13,55,—,False
155,48.4,-0.145,"{2024: np.float64(0.079), 2025: np.float64(-0.386), 2026: np.float64(-0.016)}",1,SMMA,close,13,55,MA200,False
161,48.4,-0.239,"{2024: np.float64(0.116), 2025: np.float64(-0.583), 2026: np.float64(-0.066)}",1,SMMA,close,13,77,—,False
158,48.1,-0.267,"{2024: np.float64(0.025), 2025: np.float64(-0.566), 2026: np.float64(-0.066)}",1,SMMA,close,13,77,MA200,False
149,50.3,-0.217,"{2024: np.float64(0.151), 2025: np.float64(-0.452), 2026: np.float64(-0.551)}",1,SMMA,close,13,89,—,False
149,50.3,-0.217,"{2024: np.float64(0.151), 2025: np.float64(-0.452), 2026: np.float64(-0.551)}",1,SMMA,close,13,89,MA200,False
137,51.8,-0.176,"{2024: np.float64(0.275), 2025: np.float64(-0.504), 2026: np.float64(-0.404)}",1,SMMA,close,13,100,—,False
137,51.8,-0.176,"{2024: np.float64(0.275), 2025: np.float64(-0.504), 2026: np.float64(-0.404)}",1,SMMA,close,13,100,MA200,False
89,47.2,-0.059,"{2024: np.float64(0.241), 2025: np.float64(-0.31), 2026: np.float64(0.14)}",2,SMMA,close,13,200,—,False
84,47.6,-0.081,"{2024: np.float64(0.241), 2025: np.float64(-0.519), 2026: np.float64(0.651)}",2,SMMA,close,13,200,MA200,False
127,52.0,0.109,"{2024: np.float64(0.219), 2025: np.float64(-0.288), 2026: np.float64(0.974)}",2,SMMA,close,14,21,—,True
87,49.4,-0.059,"{2024: np.float64(0.22), 2025: np.float64(-0.519), 2026: np.float64(0.566)}",2,SMMA,close,14,21,MA200,False
181,53.0,0.017,"{2024: np.float64(0.106), 2025: np.float64(-0.083), 2026: np.float64(0.087)}",2,SMMA,close,14,34,—,False
132,50.8,-0.042,"{2024: np.float64(-0.063), 2025: np.float64(-0.189), 2026: np.float64(0.393)}",1,SMMA,close,14,34,MA200,False
170,50.0,-0.147,"{2024: np.float64(0.11), 2025: np.float64(-0.453), 2026: np.float64(0.014)}",2,SMMA,close,14,55,—,False
159,49.7,-0.121,"{2024: np.float64(0.124), 2025: np.float64(-0.455), 2026: np.float64(0.219)}",2,SMMA,close,14,55,MA200,False
152,45.4,-0.299,"{2024: np.float64(0.028), 2025: np.float64(-0.568), 2026: np.float64(-0.335)}",1,SMMA,close,14,77,—,False
149,46.3,-0.23,"{2024: np.float64(0.028), 2025: np.float64(-0.568), 2026: np.float64(0.088)}",2,SMMA,close,14,77,MA200,False
143,46.9,-0.195,"{2024: np.float64(0.282), 2025: np.float64(-0.461), 2026: np.float64(-0.681)}",1,SMMA,close,14,89,—,False
143,46.9,-0.195,"{2024: np.float64(0.282), 2025: np.float64(-0.461), 2026: np.float64(-0.681)}",1,SMMA,close,14,89,MA200,False
129,48.1,-0.242,"{2024: np.float64(0.169), 2025: np.float64(-0.485), 2026: np.float64(-0.614)}",1,SMMA,close,14,100,—,False
129,48.1,-0.242,"{2024: np.float64(0.169), 2025: np.float64(-0.485), 2026: np.float64(-0.614)}",1,SMMA,close,14,100,MA200,False
87,48.3,-0.098,"{2024: np.float64(0.346), 2025: np.float64(-0.416), 2026: np.float64(0.01)}",2,SMMA,close,14,200,—,False
80,48.8,-0.041,"{2024: np.float64(0.597), 2025: np.float64(-0.628), 2026: np.float64(0.531)}",2,SMMA,close,14,200,MA200,False
78,50.0,-0.029,"{2024: np.float64(0.205), 2025: np.float64(-0.417), 2026: np.float64(0.19)}",2,SMMA,close,21,34,—,False
72,51.4,0.043,"{2024: np.float64(0.235), 2025: np.float64(-0.317), 2026: np.float64(0.327)}",2,SMMA,close,21,34,MA200,False
117,52.1,-0.294,"{2024: np.float64(-0.172), 2025: np.float64(-0.564), 2026: np.float64(0.21)}",1,SMMA,close,21,55,—,False
114,50.9,-0.328,"{2024: np.float64(-0.223), 2025: np.float64(-0.597), 2026: np.float64(0.21)}",1,SMMA,close,21,55,MA200,False
104,45.2,-0.339,"{2024: np.float64(-0.186), 2025: np.float64(-0.452), 2026: np.float64(-0.466)}",0,SMMA,close,21,77,—,False
104,45.2,-0.339,"{2024: np.float64(-0.186), 2025: np.float64(-0.452), 2026: np.float64(-0.466)}",0,SMMA,close,21,77,MA200,False
109,42.2,-0.313,"{2024: np.float64(0.003), 2025: np.float64(-0.55), 2026: np.float64(-0.494)}",1,SMMA,close,21,89,—,False
109,42.2,-0.313,"{2024: np.float64(0.003), 2025: np.float64(-0.55), 2026: np.float64(-0.494)}",1,SMMA,close,21,89,MA200,False
102,48.0,-0.254,"{2024: np.float64(-0.036), 2025: np.float64(-0.449), 2026: np.float64(-0.352)}",0,SMMA,close,21,100,—,False
102,48.0,-0.254,"{2024: np.float64(-0.036), 2025: np.float64(-0.449), 2026: np.float64(-0.352)}",0,SMMA,close,21,100,MA200,False
67,46.3,0.333,"{2024: np.float64(0.774), 2025: np.float64(-0.158), 2026: None}",1,SMMA,close,21,200,—,True
65,46.2,0.242,"{2024: np.float64(0.492), 2025: np.float64(-0.131), 2026: None}",1,SMMA,close,21,200,MA200,True
56,44.6,-0.228,"{2024: np.float64(0.497), 2025: np.float64(-0.766), 2026: None}",1,SMMA,close,34,77,—,False
56,44.6,-0.228,"{2024: np.float64(0.497), 2025: np.float64(-0.766), 2026: None}",1,SMMA,close,34,77,MA200,False
64,45.3,-0.431,"{2024: np.float64(-0.261), 2025: np.float64(-0.667), 2026: None}",0,SMMA,close,34,89,—,False
64,45.3,-0.431,"{2024: np.float64(-0.261), 2025: np.float64(-0.667), 2026: None}",0,SMMA,close,34,89,MA200,False
69,50.7,-0.201,"{2024: np.float64(-0.14), 2025: np.float64(-0.505), 2026: np.float64(0.347)}",1,SMMA,close,34,100,—,False
69,50.7,-0.201,"{2024: np.float64(-0.14), 2025: np.float64(-0.505), 2026: np.float64(0.347)}",1,SMMA,close,34,100,MA200,False
50,50.0,0.19,"{2024: np.float64(0.008), 2025: np.float64(0.218), 2026: None}",2,SMMA,close,34,200,—,True
50,50.0,0.19,"{2024: np.float64(0.008), 2025: np.float64(0.218), 2026: None}",2,SMMA,close,34,200,MA200,True
1329,51.5,-0.005,"{2024: np.float64(-0.066), 2025: np.float64(0.001), 2026: np.float64(0.182)}",2,LWMA,close,7,12,—,False
689,50.5,-0.067,"{2024: np.float64(-0.074), 2025: np.float64(-0.169), 2026: np.float64(0.266)}",1,LWMA,close,7,12,MA200,False
1302,51.5,-0.045,"{2024: np.float64(-0.103), 2025: np.float64(-0.027), 2026: np.float64(0.094)}",1,LWMA,close,7,13,—,False
662,50.5,-0.081,"{2024: np.float64(-0.069), 2025: np.float64(-0.159), 2026: np.float64(0.114)}",1,LWMA,close,7,13,MA200,False
1325,51.1,-0.07,"{2024: np.float64(-0.153), 2025: np.float64(-0.042), 2026: np.float64(0.109)}",1,LWMA,close,7,14,—,False
671,50.8,-0.066,"{2024: np.float64(-0.112), 2025: np.float64(-0.117), 2026: np.float64(0.228)}",1,LWMA,close,7,14,MA200,False
1175,50.6,-0.119,"{2024: np.float64(-0.192), 2025: np.float64(-0.079), 2026: np.float64(-0.017)}",0,LWMA,close,7,21,—,False
589,50.4,-0.093,"{2024: np.float64(-0.136), 2025: np.float64(-0.144), 2026: np.float64(0.173)}",1,LWMA,close,7,21,MA200,False
950,51.5,-0.134,"{2024: np.float64(-0.194), 2025: np.float64(-0.126), 2026: np.float64(0.025)}",1,LWMA,close,7,34,—,False
481,52.8,-0.056,"{2024: np.float64(0.009), 2025: np.float64(-0.155), 2026: np.float64(0.049)}",2,LWMA,close,7,34,MA200,False
760,50.7,-0.179,"{2024: np.float64(-0.149), 2025: np.float64(-0.251), 2026: np.float64(-0.057)}",0,LWMA,close,7,55,—,False
412,50.7,-0.189,"{2024: np.float64(0.027), 2025: np.float64(-0.356), 2026: np.float64(-0.288)}",1,LWMA,close,7,55,MA200,False
607,46.6,-0.226,"{2024: np.float64(-0.244), 2025: np.float64(-0.291), 2026: np.float64(0.035)}",1,LWMA,close,7,77,—,False
340,44.7,-0.28,"{2024: np.float64(-0.187), 2025: np.float64(-0.452), 2026: np.float64(0.027)}",1,LWMA,close,7,77,MA200,False
550,47.3,-0.201,"{2024: np.float64(-0.274), 2025: np.float64(-0.294), 2026: np.float64(0.293)}",1,LWMA,close,7,89,—,False
314,43.3,-0.302,"{2024: np.float64(-0.244), 2025: np.float64(-0.549), 2026: np.float64(0.357)}",1,LWMA,close,7,89,MA200,False
508,46.1,-0.249,"{2024: np.float64(-0.317), 2025: np.float64(-0.306), 2026: np.float64(0.117)}",1,LWMA,close,7,100,—,False
293,42.0,-0.464,"{2024: np.float64(-0.38), 2025: np.float64(-0.595), 2026: np.float64(-0.253)}",0,LWMA,close,7,100,MA200,False
356,48.6,-0.213,"{2024: np.float64(-0.239), 2025: np.float64(-0.283), 2026: np.float64(0.076)}",1,LWMA,close,7,200,—,False
258,49.6,-0.209,"{2024: np.float64(-0.351), 2025: np.float64(-0.275), 2026: np.float64(0.402)}",1,LWMA,close,7,200,MA200,False
59,66.1,1.12,"{2024: np.float64(2.196), 2025: np.float64(0.331), 2026: None}",2,LWMA,close,12,13,—,True
277,62.1,0.565,"{2024: np.float64(0.555), 2025: np.float64(0.543), 2026: np.float64(0.657)}",3,LWMA,close,12,14,—,True
155,62.6,0.525,"{2024: np.float64(0.599), 2025: np.float64(0.226), 2026: np.float64(0.991)}",3,LWMA,close,12,14,MA200,True
790,53.8,0.031,"{2024: np.float64(-0.033), 2025: np.float64(0.094), 2026: np.float64(0.041)}",2,LWMA,close,12,21,—,False
409,52.1,0.01,"{2024: np.float64(-0.044), 2025: np.float64(0.004), 2026: np.float64(0.181)}",2,LWMA,close,12,21,MA200,False
740,51.6,-0.165,"{2024: np.float64(-0.225), 2025: np.float64(-0.163), 2026: np.float64(0.025)}",1,LWMA,close,12,34,—,False
383,52.2,-0.196,"{2024: np.float64(-0.218), 2025: np.float64(-0.167), 2026: np.float64(-0.22)}",0,LWMA,close,12,34,MA200,False
559,48.1,-0.195,"{2024: np.float64(-0.194), 2025: np.float64(-0.242), 2026: np.float64(-0.065)}",0,LWMA,close,12,55,—,False
304,47.7,-0.189,"{2024: np.float64(-0.195), 2025: np.float64(-0.302), 2026: np.float64(0.167)}",1,LWMA,close,12,55,MA200,False
471,47.8,-0.218,"{2024: np.float64(-0.334), 2025: np.float64(-0.27), 2026: np.float64(0.264)}",1,LWMA,close,12,77,—,False
268,45.9,-0.22,"{2024: np.float64(-0.364), 2025: np.float64(-0.373), 2026: np.float64(0.712)}",1,LWMA,close,12,77,MA200,False
417,48.4,-0.193,"{2024: np.float64(-0.239), 2025: np.float64(-0.295), 2026: np.float64(0.326)}",1,LWMA,close,12,89,—,False
239,43.5,-0.388,"{2024: np.float64(-0.308), 2025: np.float64(-0.57), 2026: np.float64(0.069)}",1,LWMA,close,12,89,MA200,False
400,47.0,-0.24,"{2024: np.float64(-0.295), 2025: np.float64(-0.384), 2026: np.float64(0.466)}",1,LWMA,close,12,100,—,False
241,41.5,-0.474,"{2024: np.float64(-0.541), 2025: np.float64(-0.549), 2026: np.float64(0.095)}",1,LWMA,close,12,100,MA200,False
272,50.0,-0.189,"{2024: np.float64(-0.191), 2025: np.float64(-0.266), 2026: np.float64(0.086)}",1,LWMA,close,12,200,—,False
211,50.2,-0.21,"{2024: np.float64(-0.322), 2025: np.float64(-0.226), 2026: np.float64(0.134)}",1,LWMA,close,12,200,MA200,False
40,70.0,1.013,"{2024: np.float64(1.82), 2025: np.float64(0.163), 2026: None}",2,LWMA,close,13,14,—,True
708,54.4,0.065,"{2024: np.float64(0.048), 2025: np.float64(0.075), 2026: np.float64(0.089)}",3,LWMA,close,13,21,—,False
359,53.5,0.024,"{2024: np.float64(0.003), 2025: np.float64(-0.015), 2026: np.float64(0.193)}",2,LWMA,close,13,21,MA200,False
696,52.2,-0.094,"{2024: np.float64(-0.111), 2025: np.float64(-0.115), 2026: np.float64(0.032)}",1,LWMA,close,13,34,—,False
360,52.5,-0.08,"{2024: np.float64(-0.003), 2025: np.float64(-0.16), 2026: np.float64(-0.05)}",0,LWMA,close,13,34,MA200,False
545,48.1,-0.21,"{2024: np.float64(-0.191), 2025: np.float64(-0.284), 2026: np.float64(-0.054)}",0,LWMA,close,13,55,—,False
290,47.2,-0.223,"{2024: np.float64(-0.215), 2025: np.float64(-0.358), 2026: np.float64(0.157)}",1,LWMA,close,13,55,MA200,False
455,47.3,-0.215,"{2024: np.float64(-0.334), 2025: np.float64(-0.249), 2026: np.float64(0.28)}",1,LWMA,close,13,77,—,False
258,45.3,-0.249,"{2024: np.float64(-0.326), 2025: np.float64(-0.361), 2026: np.float64(0.404)}",1,LWMA,close,13,77,MA200,False
412,48.3,-0.222,"{2024: np.float64(-0.284), 2025: np.float64(-0.332), 2026: np.float64(0.314)}",1,LWMA,close,13,89,—,False
240,43.3,-0.41,"{2024: np.float64(-0.347), 2025: np.float64(-0.634), 2026: np.float64(0.211)}",1,LWMA,close,13,89,MA200,False
383,47.5,-0.255,"{2024: np.float64(-0.291), 2025: np.float64(-0.423), 2026: np.float64(0.475)}",1,LWMA,close,13,100,—,False
232,44.0,-0.467,"{2024: np.float64(-0.452), 2025: np.float64(-0.615), 2026: np.float64(0.156)}",1,LWMA,close,13,100,MA200,False
262,51.1,-0.169,"{2024: np.float64(-0.09), 2025: np.float64(-0.331), 2026: np.float64(0.163)}",1,LWMA,close,13,200,—,False
204,51.0,-0.15,"{2024: np.float64(-0.205), 2025: np.float64(-0.223), 2026: np.float64(0.227)}",1,LWMA,close,13,200,MA200,False
609,55.0,0.108,"{2024: np.float64(0.133), 2025: np.float64(0.08), 2026: np.float64(0.111)}",3,LWMA,close,14,21,—,True
319,55.2,0.124,"{2024: np.float64(0.219), 2025: np.float64(-0.036), 2026: np.float64(0.341)}",2,LWMA,close,14,21,MA200,True
665,51.7,-0.123,"{2024: np.float64(-0.128), 2025: np.float64(-0.147), 2026: np.float64(-0.024)}",0,LWMA,close,14,34,—,False
346,52.0,-0.079,"{2024: np.float64(0.031), 2025: np.float64(-0.154), 2026: np.float64(-0.186)}",1,LWMA,close,14,34,MA200,False
519,47.4,-0.2,"{2024: np.float64(-0.129), 2025: np.float64(-0.344), 2026: np.float64(0.031)}",1,LWMA,close,14,55,—,False
280,44.6,-0.255,"{2024: np.float64(-0.156), 2025: np.float64(-0.491), 2026: np.float64(0.205)}",1,LWMA,close,14,55,MA200,False
435,47.4,-0.204,"{2024: np.float64(-0.292), 2025: np.float64(-0.258), 2026: np.float64(0.227)}",1,LWMA,close,14,77,—,False
252,45.2,-0.283,"{2024: np.float64(-0.362), 2025: np.float64(-0.377), 2026: np.float64(0.272)}",1,LWMA,close,14,77,MA200,False
397,47.4,-0.253,"{2024: np.float64(-0.3), 2025: np.float64(-0.393), 2026: np.float64(0.367)}",1,LWMA,close,14,89,—,False
232,40.9,-0.536,"{2024: np.float64(-0.568), 2025: np.float64(-0.703), 2026: np.float64(0.224)}",1,LWMA,close,14,89,MA200,False
383,48.0,-0.259,"{2024: np.float64(-0.337), 2025: np.float64(-0.421), 2026: np.float64(0.552)}",1,LWMA,close,14,100,—,False
235,45.1,-0.458,"{2024: np.float64(-0.504), 2025: np.float64(-0.607), 2026: np.float64(0.361)}",1,LWMA,close,14,100,MA200,False
260,50.0,-0.196,"{2024: np.float64(-0.034), 2025: np.float64(-0.399), 2026: np.float64(0.078)}",1,LWMA,close,14,200,—,False
207,48.8,-0.199,"{2024: np.float64(-0.132), 2025: np.float64(-0.368), 2026: np.float64(0.166)}",1,LWMA,close,14,200,MA200,False
447,50.8,-0.088,"{2024: np.float64(-0.011), 2025: np.float64(-0.283), 2026: np.float64(0.256)}",1,LWMA,close,21,34,—,False
245,51.8,-0.11,"{2024: np.float64(0.11), 2025: np.float64(-0.497), 2026: np.float64(0.332)}",2,LWMA,close,21,34,MA200,False
395,47.1,-0.336,"{2024: np.float64(-0.236), 2025: np.float64(-0.559), 2026: np.float64(0.078)}",1,LWMA,close,21,55,—,False
234,45.3,-0.48,"{2024: np.float64(-0.365), 2025: np.float64(-0.765), 2026: np.float64(0.202)}",1,LWMA,close,21,55,MA200,False
337,49.6,-0.143,"{2024: np.float64(-0.052), 2025: np.float64(-0.449), 2026: np.float64(0.653)}",1,LWMA,close,21,77,—,False
195,45.1,-0.321,"{2024: np.float64(-0.161), 2025: np.float64(-0.709), 2026: np.float64(0.831)}",1,LWMA,close,21,77,MA200,False
332,48.8,-0.206,"{2024: np.float64(-0.244), 2025: np.float64(-0.451), 2026: np.float64(0.951)}",1,LWMA,close,21,89,—,False
201,44.8,-0.333,"{2024: np.float64(-0.347), 2025: np.float64(-0.64), 2026: np.float64(1.301)}",1,LWMA,close,21,89,MA200,False
315,47.6,-0.275,"{2024: np.float64(-0.299), 2025: np.float64(-0.542), 2026: np.float64(0.964)}",1,LWMA,close,21,100,—,False
197,46.7,-0.363,"{2024: np.float64(-0.292), 2025: np.float64(-0.764), 2026: np.float64(1.271)}",1,LWMA,close,21,100,MA200,False
216,47.7,-0.19,"{2024: np.float64(0.008), 2025: np.float64(-0.355), 2026: np.float64(-0.172)}",1,LWMA,close,21,200,—,False
178,46.6,-0.229,"{2024: np.float64(-0.085), 2025: np.float64(-0.38), 2026: np.float64(-0.137)}",0,LWMA,close,21,200,MA200,False
231,50.2,-0.106,"{2024: np.float64(0.038), 2025: np.float64(-0.512), 2026: np.float64(0.629)}",2,LWMA,close,34,55,—,False
157,50.3,-0.184,"{2024: np.float64(0.039), 2025: np.float64(-0.568), 2026: np.float64(0.445)}",2,LWMA,close,34,55,MA200,False
243,48.1,-0.242,"{2024: np.float64(-0.372), 2025: np.float64(-0.44), 2026: np.float64(0.93)}",1,LWMA,close,34,77,—,False
155,46.5,-0.177,"{2024: np.float64(-0.117), 2025: np.float64(-0.544), 2026: np.float64(1.122)}",1,LWMA,close,34,77,MA200,False
230,53.9,0.043,"{2024: np.float64(-0.024), 2025: np.float64(-0.265), 2026: np.float64(1.178)}",1,LWMA,close,34,89,—,False
146,52.1,-0.025,"{2024: np.float64(-0.1), 2025: np.float64(-0.443), 2026: np.float64(1.685)}",1,LWMA,close,34,89,MA200,False
220,52.7,0.069,"{2024: np.float64(0.086), 2025: np.float64(-0.222), 2026: np.float64(1.044)}",2,LWMA,close,34,100,—,False
142,51.4,0.038,"{2024: np.float64(0.001), 2025: np.float64(-0.303), 2026: np.float64(1.389)}",2,LWMA,close,34,100,MA200,False
169,50.3,-0.126,"{2024: np.float64(0.255), 2025: np.float64(-0.437), 2026: np.float64(-0.114)}",1,LWMA,close,34,200,—,False
149,49.7,-0.108,"{2024: np.float64(0.375), 2025: np.float64(-0.493), 2026: np.float64(-0.094)}",1,LWMA,close,34,200,MA200,False
74,59.5,0.451,"{2024: np.float64(0.314), 2025: np.float64(0.372), 2026: np.float64(0.935)}",3,LWMA,close,55,77,—,True
51,56.9,0.29,"{2024: np.float64(0.171), 2025: np.float64(-0.008), 2026: np.float64(0.952)}",2,LWMA,close,55,77,MA200,True
114,56.1,0.038,"{2024: np.float64(0.059), 2025: np.float64(-0.322), 2026: np.float64(0.819)}",2,LWMA,close,55,89,—,False
82,54.9,-0.04,"{2024: np.float64(0.122), 2025: np.float64(-0.483), 2026: np.float64(0.547)}",2,LWMA,close,55,89,MA200,False
124,50.0,-0.114,"{2024: np.float64(-0.107), 2025: np.float64(-0.302), 2026: np.float64(0.286)}",1,LWMA,close,55,100,—,False
86,52.3,-0.114,"{2024: np.float64(-0.024), 2025: np.float64(-0.514), 2026: np.float64(0.702)}",1,LWMA,close,55,100,MA200,False
131,45.8,-0.416,"{2024: np.float64(-0.202), 2025: np.float64(-0.444), 2026: np.float64(-0.803)}",0,LWMA,close,55,200,—,False
120,45.0,-0.466,"{2024: np.float64(-0.253), 2025: np.float64(-0.514), 2026: np.float64(-0.824)}",0,LWMA,close,55,200,MA200,False
94,48.9,-0.123,"{2024: np.float64(0.265), 2025: np.float64(-0.503), 2026: np.float64(-0.285)}",1,LWMA,close,77,200,—,False
89,47.2,-0.159,"{2024: np.float64(0.225), 2025: np.float64(-0.52), 2026: np.float64(-0.316)}",1,LWMA,close,77,200,MA200,False
77,48.1,0.022,"{2024: np.float64(0.282), 2025: np.float64(-0.026), 2026: np.float64(-0.57)}",1,LWMA,close,89,200,—,False
74,47.3,-0.011,"{2024: np.float64(0.282), 2025: np.float64(-0.187), 2026: np.float64(-0.466)}",1,LWMA,close,89,200,MA200,False
63,49.2,-0.013,"{2024: np.float64(0.221), 2025: np.float64(0.02), 2026: np.float64(-0.789)}",2,LWMA,close,100,200,—,False
61,47.5,-0.119,"{2024: np.float64(0.026), 2025: np.float64(0.02), 2026: None}",2,LWMA,close,100,200,MA200,False
1432,51.1,-0.126,"{2024: np.float64(-0.21), 2025: np.float64(-0.062), 2026: np.float64(-0.042)}",0,SMA,median,7,12,—,False
729,50.1,-0.122,"{2024: np.float64(-0.174), 2025: np.float64(-0.125), 2026: np.float64(0.043)}",1,SMA,median,7,12,MA200,False
1393,50.3,-0.13,"{2024: np.float64(-0.201), 2025: np.float64(-0.09), 2026: np.float64(-0.027)}",0,SMA,median,7,13,—,False
712,49.4,-0.15,"{2024: np.float64(-0.27), 2025: np.float64(-0.124), 2026: np.float64(0.132)}",1,SMA,median,7,13,MA200,False
1307,50.1,-0.165,"{2024: np.float64(-0.232), 2025: np.float64(-0.133), 2026: np.float64(-0.046)}",0,SMA,median,7,14,—,False
664,47.7,-0.211,"{2024: np.float64(-0.314), 2025: np.float64(-0.219), 2026: np.float64(0.118)}",1,SMA,median,7,14,MA200,False
1001,50.2,-0.158,"{2024: np.float64(-0.246), 2025: np.float64(-0.123), 2026: np.float64(0.017)}",1,SMA,median,7,21,—,False
509,50.3,-0.107,"{2024: np.float64(-0.208), 2025: np.float64(-0.133), 2026: np.float64(0.312)}",1,SMA,median,7,21,MA200,False
708,48.0,-0.274,"{2024: np.float64(-0.332), 2025: np.float64(-0.289), 2026: np.float64(-0.047)}",0,SMA,median,7,34,—,False
375,46.4,-0.299,"{2024: np.float64(-0.291), 2025: np.float64(-0.436), 2026: np.float64(0.098)}",1,SMA,median,7,34,MA200,False
526,47.9,-0.187,"{2024: np.float64(-0.282), 2025: np.float64(-0.22), 2026: np.float64(0.201)}",1,SMA,median,7,55,—,False
292,45.9,-0.233,"{2024: np.float64(-0.353), 2025: np.float64(-0.349), 2026: np.float64(0.466)}",1,SMA,median,7,55,MA200,False
427,46.8,-0.247,"{2024: np.float64(-0.329), 2025: np.float64(-0.329), 2026: np.float64(0.281)}",1,SMA,median,7,77,—,False
255,45.9,-0.367,"{2024: np.float64(-0.57), 2025: np.float64(-0.341), 2026: np.float64(0.198)}",1,SMA,median,7,77,MA200,False
418,46.2,-0.251,"{2024: np.float64(-0.308), 2025: np.float64(-0.362), 2026: np.float64(0.315)}",1,SMA,median,7,89,—,False
262,45.0,-0.42,"{2024: np.float64(-0.524), 2025: np.float64(-0.546), 2026: np.float64(0.358)}",1,SMA,median,7,89,MA200,False
381,47.2,-0.242,"{2024: np.float64(-0.319), 2025: np.float64(-0.276), 2026: np.float64(0.12)}",1,SMA,median,7,100,—,False
239,46.0,-0.401,"{2024: np.float64(-0.476), 2025: np.float64(-0.482), 2026: np.float64(0.127)}",1,SMA,median,7,100,MA200,False
252,45.6,-0.253,"{2024: np.float64(-0.039), 2025: np.float64(-0.47), 2026: np.float64(-0.04)}",0,SMA,median,7,200,—,False
213,47.9,-0.1,"{2024: np.float64(0.209), 2025: np.float64(-0.346), 2026: np.float64(-0.014)}",1,SMA,median,7,200,MA200,False
291,49.1,-0.319,"{2024: np.float64(-0.208), 2025: np.float64(-0.508), 2026: np.float64(-0.247)}",0,SMA,median,12,13,—,False
157,50.3,-0.257,"{2024: np.float64(-0.082), 2025: np.float64(-0.644), 2026: np.float64(-0.082)}",0,SMA,median,12,13,MA200,False
741,49.0,-0.166,"{2024: np.float64(-0.193), 2025: np.float64(-0.205), 2026: np.float64(0.017)}",1,SMA,median,12,14,—,False
381,47.8,-0.202,"{2024: np.float64(-0.068), 2025: np.float64(-0.464), 2026: np.float64(0.044)}",1,SMA,median,12,14,MA200,False
862,50.9,-0.146,"{2024: np.float64(-0.252), 2025: np.float64(-0.085), 2026: np.float64(0.017)}",1,SMA,median,12,21,—,False
449,47.4,-0.153,"{2024: np.float64(-0.28), 2025: np.float64(-0.061), 2026: np.float64(-0.014)}",0,SMA,median,12,21,MA200,False
601,48.3,-0.284,"{2024: np.float64(-0.309), 2025: np.float64(-0.323), 2026: np.float64(-0.08)}",0,SMA,median,12,34,—,False
320,47.5,-0.232,"{2024: np.float64(-0.266), 2025: np.float64(-0.361), 2026: np.float64(0.274)}",1,SMA,median,12,34,MA200,False
426,45.8,-0.287,"{2024: np.float64(-0.351), 2025: np.float64(-0.403), 2026: np.float64(0.363)}",1,SMA,median,12,55,—,False
244,41.8,-0.424,"{2024: np.float64(-0.533), 2025: np.float64(-0.502), 2026: np.float64(0.422)}",1,SMA,median,12,55,MA200,False
343,49.0,-0.197,"{2024: np.float64(-0.114), 2025: np.float64(-0.468), 2026: np.float64(0.613)}",1,SMA,median,12,77,—,False
215,47.9,-0.201,"{2024: np.float64(-0.162), 2025: np.float64(-0.504), 2026: np.float64(1.078)}",1,SMA,median,12,77,MA200,False
325,48.9,-0.247,"{2024: np.float64(-0.216), 2025: np.float64(-0.493), 2026: np.float64(0.716)}",1,SMA,median,12,89,—,False
207,43.5,-0.44,"{2024: np.float64(-0.328), 2025: np.float64(-0.775), 2026: np.float64(0.779)}",1,SMA,median,12,89,MA200,False
302,46.7,-0.253,"{2024: np.float64(-0.158), 2025: np.float64(-0.423), 2026: np.float64(0.124)}",1,SMA,median,12,100,—,False
202,46.5,-0.325,"{2024: np.float64(-0.193), 2025: np.float64(-0.559), 2026: np.float64(0.293)}",1,SMA,median,12,100,MA200,False
199,45.2,-0.32,"{2024: np.float64(-0.141), 2025: np.float64(-0.59), 2026: np.float64(0.148)}",1,SMA,median,12,200,—,False
174,45.4,-0.301,"{2024: np.float64(0.024), 2025: np.float64(-0.649), 2026: np.float64(0.107)}",2,SMA,median,12,200,MA200,False
236,50.0,-0.139,"{2024: np.float64(-0.1), 2025: np.float64(-0.352), 2026: np.float64(0.195)}",1,SMA,median,13,14,—,False
135,48.9,-0.11,"{2024: np.float64(0.008), 2025: np.float64(-0.532), 2026: np.float64(0.409)}",2,SMA,median,13,14,MA200,False
825,50.7,-0.169,"{2024: np.float64(-0.249), 2025: np.float64(-0.132), 2026: np.float64(-0.031)}",0,SMA,median,13,21,—,False
430,47.7,-0.285,"{2024: np.float64(-0.479), 2025: np.float64(-0.157), 2026: np.float64(-0.051)}",0,SMA,median,13,21,MA200,False
586,48.3,-0.253,"{2024: np.float64(-0.288), 2025: np.float64(-0.285), 2026: np.float64(-0.047)}",0,SMA,median,13,34,—,False
315,47.9,-0.246,"{2024: np.float64(-0.253), 2025: np.float64(-0.47), 2026: np.float64(0.429)}",1,SMA,median,13,34,MA200,False
414,47.3,-0.247,"{2024: np.float64(-0.269), 2025: np.float64(-0.397), 2026: np.float64(0.401)}",1,SMA,median,13,55,—,False
242,44.2,-0.392,"{2024: np.float64(-0.46), 2025: np.float64(-0.53), 2026: np.float64(0.521)}",1,SMA,median,13,55,MA200,False
332,49.7,-0.154,"{2024: np.float64(-0.061), 2025: np.float64(-0.412), 2026: np.float64(0.585)}",1,SMA,median,13,77,—,False
206,48.1,-0.216,"{2024: np.float64(-0.099), 2025: np.float64(-0.565), 2026: np.float64(1.049)}",1,SMA,median,13,77,MA200,False
310,50.6,-0.201,"{2024: np.float64(-0.176), 2025: np.float64(-0.405), 2026: np.float64(0.537)}",1,SMA,median,13,89,—,False
202,47.0,-0.356,"{2024: np.float64(-0.287), 2025: np.float64(-0.647), 2026: np.float64(0.715)}",1,SMA,median,13,89,MA200,False
273,48.4,-0.188,"{2024: np.float64(-0.107), 2025: np.float64(-0.269), 2026: np.float64(-0.107)}",0,SMA,median,13,100,—,False
181,45.9,-0.35,"{2024: np.float64(-0.327), 2025: np.float64(-0.424), 2026: np.float64(-0.127)}",0,SMA,median,13,100,MA200,False
197,45.2,-0.337,"{2024: np.float64(-0.164), 2025: np.float64(-0.611), 2026: np.float64(0.117)}",1,SMA,median,13,200,—,False
177,45.2,-0.41,"{2024: np.float64(-0.238), 2025: np.float64(-0.687), 2026: np.float64(0.088)}",1,SMA,median,13,200,MA200,False
779,49.3,-0.19,"{2024: np.float64(-0.297), 2025: np.float64(-0.146), 2026: np.float64(0.009)}",1,SMA,median,14,21,—,False
415,47.0,-0.298,"{2024: np.float64(-0.468), 2025: np.float64(-0.163), 2026: np.float64(-0.15)}",0,SMA,median,14,21,MA200,False
572,47.7,-0.267,"{2024: np.float64(-0.207), 2025: np.float64(-0.38), 2026: np.float64(-0.129)}",0,SMA,median,14,34,—,False
306,47.7,-0.238,"{2024: np.float64(-0.13), 2025: np.float64(-0.567), 2026: np.float64(0.37)}",1,SMA,median,14,34,MA200,False
411,48.7,-0.244,"{2024: np.float64(-0.286), 2025: np.float64(-0.393), 2026: np.float64(0.478)}",1,SMA,median,14,55,—,False
243,45.7,-0.37,"{2024: np.float64(-0.488), 2025: np.float64(-0.502), 2026: np.float64(0.831)}",1,SMA,median,14,55,MA200,False
323,48.9,-0.15,"{2024: np.float64(-0.151), 2025: np.float64(-0.367), 2026: np.float64(0.674)}",1,SMA,median,14,77,—,False
200,47.5,-0.119,"{2024: np.float64(-0.103), 2025: np.float64(-0.442), 2026: np.float64(1.111)}",1,SMA,median,14,77,MA200,False
292,49.7,-0.067,"{2024: np.float64(-0.032), 2025: np.float64(-0.293), 2026: np.float64(0.686)}",1,SMA,median,14,89,—,False
187,46.0,-0.201,"{2024: np.float64(-0.142), 2025: np.float64(-0.492), 2026: np.float64(0.759)}",1,SMA,median,14,89,MA200,False
263,49.0,-0.106,"{2024: np.float64(0.117), 2025: np.float64(-0.266), 2026: np.float64(-0.143)}",1,SMA,median,14,100,—,False
174,47.7,-0.249,"{2024: np.float64(-0.223), 2025: np.float64(-0.331), 2026: np.float64(-0.004)}",0,SMA,median,14,100,MA200,False
196,44.4,-0.328,"{2024: np.float64(-0.077), 2025: np.float64(-0.563), 2026: np.float64(-0.131)}",0,SMA,median,14,200,—,False
175,44.6,-0.391,"{2024: np.float64(-0.176), 2025: np.float64(-0.613), 2026: np.float64(-0.142)}",0,SMA,median,14,200,MA200,False
497,48.9,-0.261,"{2024: np.float64(-0.153), 2025: np.float64(-0.404), 2026: np.float64(-0.176)}",0,SMA,median,21,34,—,False
279,47.0,-0.278,"{2024: np.float64(-0.012), 2025: np.float64(-0.712), 2026: np.float64(0.197)}",1,SMA,median,21,34,MA200,False
336,51.2,-0.213,"{2024: np.float64(-0.167), 2025: np.float64(-0.5), 2026: np.float64(0.605)}",1,SMA,median,21,55,—,False
206,51.5,-0.146,"{2024: np.float64(0.034), 2025: np.float64(-0.58), 2026: np.float64(0.905)}",2,SMA,median,21,55,MA200,False
283,49.1,-0.084,"{2024: np.float64(-0.138), 2025: np.float64(-0.22), 2026: np.float64(0.557)}",1,SMA,median,21,77,—,False
174,50.0,-0.074,"{2024: np.float64(-0.022), 2025: np.float64(-0.392), 2026: np.float64(0.838)}",1,SMA,median,21,77,MA200,False
245,50.6,0.022,"{2024: np.float64(0.15), 2025: np.float64(-0.146), 2026: np.float64(0.234)}",2,SMA,median,21,89,—,False
163,49.7,-0.008,"{2024: np.float64(0.341), 2025: np.float64(-0.348), 2026: np.float64(0.195)}",2,SMA,median,21,89,MA200,False
239,46.0,-0.154,"{2024: np.float64(0.131), 2025: np.float64(-0.35), 2026: np.float64(-0.199)}",1,SMA,median,21,100,—,False
166,45.2,-0.305,"{2024: np.float64(-0.093), 2025: np.float64(-0.544), 2026: np.float64(-0.044)}",0,SMA,median,21,100,MA200,False
162,41.4,-0.343,"{2024: np.float64(-0.227), 2025: np.float64(-0.528), 2026: np.float64(-0.043)}",0,SMA,median,21,200,—,False
148,39.9,-0.406,"{2024: np.float64(-0.352), 2025: np.float64(-0.536), 2026: np.float64(-0.129)}",0,SMA,median,21,200,MA200,False
291,51.5,-0.021,"{2024: np.float64(-0.218), 2025: np.float64(-0.096), 2026: np.float64(0.844)}",1,SMA,median,34,55,—,False
171,51.5,-0.143,"{2024: np.float64(-0.178), 2025: np.float64(-0.462), 2026: np.float64(1.085)}",1,SMA,median,34,55,MA200,False
230,53.0,0.045,"{2024: np.float64(0.023), 2025: np.float64(-0.077), 2026: np.float64(0.498)}",2,SMA,median,34,77,—,False
153,49.7,-0.052,"{2024: np.float64(0.083), 2025: np.float64(-0.373), 2026: np.float64(0.608)}",2,SMA,median,34,77,MA200,False
201,52.2,0.059,"{2024: np.float64(0.15), 2025: np.float64(-0.077), 2026: np.float64(0.263)}",2,SMA,median,34,89,—,False
138,49.3,-0.065,"{2024: np.float64(0.148), 2025: np.float64(-0.431), 2026: np.float64(0.486)}",2,SMA,median,34,89,MA200,False
198,51.0,-0.025,"{2024: np.float64(0.084), 2025: np.float64(-0.161), 2026: np.float64(0.11)}",2,SMA,median,34,100,—,False
136,54.4,-0.071,"{2024: np.float64(0.037), 2025: np.float64(-0.337), 2026: np.float64(0.481)}",2,SMA,median,34,100,MA200,False
132,54.5,0.03,"{2024: np.float64(0.465), 2025: np.float64(-0.444), 2026: np.float64(0.312)}",2,SMA,median,34,200,—,False
118,53.4,-0.069,"{2024: np.float64(0.447), 2025: np.float64(-0.661), 2026: np.float64(0.312)}",2,SMA,median,34,200,MA200,False
174,50.6,0.096,"{2024: np.float64(0.199), 2025: np.float64(-0.05), 2026: np.float64(0.182)}",2,SMA,median,55,77,—,False
105,48.6,-0.055,"{2024: np.float64(-0.041), 2025: np.float64(-0.362), 2026: np.float64(0.838)}",1,SMA,median,55,77,MA200,False
155,44.5,-0.091,"{2024: np.float64(0.14), 2025: np.float64(-0.115), 2026: np.float64(-0.685)}",1,SMA,median,55,89,—,False
103,45.6,-0.131,"{2024: np.float64(-0.079), 2025: np.float64(-0.079), 2026: np.float64(-0.374)}",0,SMA,median,55,89,MA200,False
154,53.2,0.149,"{2024: np.float64(0.636), 2025: np.float64(-0.028), 2026: np.float64(-0.46)}",1,SMA,median,55,100,—,True
110,53.6,0.046,"{2024: np.float64(0.193), 2025: np.float64(-0.007), 2026: np.float64(-0.138)}",1,SMA,median,55,100,MA200,False
99,51.5,0.015,"{2024: np.float64(0.522), 2025: np.float64(-0.296), 2026: np.float64(-0.42)}",1,SMA,median,55,200,—,False
90,53.3,0.057,"{2024: np.float64(0.599), 2025: np.float64(-0.233), 2026: np.float64(-0.42)}",1,SMA,median,55,200,MA200,False
101,50.5,0.005,"{2024: np.float64(-0.023), 2025: np.float64(-0.049), 2026: np.float64(0.199)}",1,SMA,median,77,89,—,False
64,43.8,-0.156,"{2024: np.float64(-0.355), 2025: np.float64(-0.055), 2026: None}",0,SMA,median,77,89,MA200,False
116,48.3,-0.057,"{2024: np.float64(0.045), 2025: np.float64(0.121), 2026: np.float64(-0.823)}",2,SMA,median,77,100,—,False
79,50.6,0.019,"{2024: np.float64(0.06), 2025: np.float64(0.144), 2026: np.float64(-0.45)}",2,SMA,median,77,100,MA200,False
83,53.0,0.099,"{2024: np.float64(-0.074), 2025: np.float64(0.498), 2026: np.float64(-0.242)}",1,SMA,median,77,200,—,False
71,52.1,-0.022,"{2024: np.float64(-0.013), 2025: np.float64(0.029), 2026: np.float64(-0.177)}",1,SMA,median,77,200,MA200,False
74,45.9,-0.184,"{2024: np.float64(-0.036), 2025: np.float64(-0.469), 2026: np.float64(0.188)}",1,SMA,median,89,100,—,False
41,48.8,-0.479,"{2024: np.float64(-0.648), 2025: np.float64(-0.532), 2026: None}",0,SMA,median,89,100,MA200,False
79,50.6,0.1,"{2024: np.float64(0.19), 2025: np.float64(0.37), 2026: np.float64(-0.759)}",2,SMA,median,89,200,—,False
66,50.0,-0.034,"{2024: np.float64(0.103), 2025: np.float64(0.085), 2026: None}",2,SMA,median,89,200,MA200,False
73,52.1,0.235,"{2024: np.float64(0.243), 2025: np.float64(0.492), 2026: np.float64(-0.536)}",2,SMA,median,100,200,—,True
66,50.0,0.17,"{2024: np.float64(0.163), 2025: np.float64(0.355), 2026: None}",2,SMA,median,100,200,MA200,True
689,54.3,0.002,"{2024: np.float64(-0.039), 2025: np.float64(0.035), 2026: np.float64(0.026)}",2,EMA,median,7,12,—,False
347,54.2,0.063,"{2024: np.float64(0.173), 2025: np.float64(-0.088), 2026: np.float64(0.167)}",2,EMA,median,7,12,MA200,False
710,52.7,-0.031,"{2024: np.float64(-0.075), 2025: np.float64(0.016), 2026: np.float64(-0.032)}",1,EMA,median,7,13,—,False
357,53.5,0.056,"{2024: np.float64(0.083), 2025: np.float64(-0.011), 2026: np.float64(0.173)}",2,EMA,median,7,13,MA200,False
728,52.7,-0.045,"{2024: np.float64(-0.12), 2025: np.float64(0.022), 2026: np.float64(-0.007)}",1,EMA,median,7,14,—,False
364,53.6,0.048,"{2024: np.float64(0.112), 2025: np.float64(-0.021), 2026: np.float64(0.053)}",2,EMA,median,7,14,MA200,False
750,51.3,-0.097,"{2024: np.float64(-0.104), 2025: np.float64(-0.111), 2026: np.float64(-0.031)}",0,EMA,median,7,21,—,False
374,49.5,-0.167,"{2024: np.float64(-0.064), 2025: np.float64(-0.308), 2026: np.float64(-0.067)}",0,EMA,median,7,21,MA200,False
633,48.8,-0.171,"{2024: np.float64(-0.138), 2025: np.float64(-0.279), 2026: np.float64(0.079)}",1,EMA,median,7,34,—,False
346,48.6,-0.135,"{2024: np.float64(0.132), 2025: np.float64(-0.41), 2026: np.float64(-0.041)}",1,EMA,median,7,34,MA200,False
534,46.8,-0.262,"{2024: np.float64(-0.24), 2025: np.float64(-0.384), 2026: np.float64(0.089)}",1,EMA,median,7,55,—,False
313,43.8,-0.293,"{2024: np.float64(0.017), 2025: np.float64(-0.684), 2026: np.float64(0.146)}",2,EMA,median,7,55,MA200,False
443,48.3,-0.193,"{2024: np.float64(-0.136), 2025: np.float64(-0.301), 2026: np.float64(0.028)}",1,EMA,median,7,77,—,False
279,48.4,-0.286,"{2024: np.float64(-0.24), 2025: np.float64(-0.41), 2026: np.float64(0.024)}",1,EMA,median,7,77,MA200,False
392,48.7,-0.175,"{2024: np.float64(-0.096), 2025: np.float64(-0.31), 2026: np.float64(0.08)}",1,EMA,median,7,89,—,False
261,47.5,-0.344,"{2024: np.float64(-0.299), 2025: np.float64(-0.431), 2026: np.float64(-0.149)}",0,EMA,median,7,89,MA200,False
376,50.3,-0.236,"{2024: np.float64(-0.195), 2025: np.float64(-0.376), 2026: np.float64(0.132)}",1,EMA,median,7,100,—,False
257,49.4,-0.32,"{2024: np.float64(-0.308), 2025: np.float64(-0.446), 2026: np.float64(0.09)}",1,EMA,median,7,100,MA200,False
263,51.0,-0.131,"{2024: np.float64(-0.029), 2025: np.float64(-0.243), 2026: np.float64(-0.09)}",0,EMA,median,7,200,—,False
263,51.0,-0.131,"{2024: np.float64(-0.029), 2025: np.float64(-0.243), 2026: np.float64(-0.09)}",0,EMA,median,7,200,MA200,False
84,61.9,0.642,"{2024: np.float64(0.953), 2025: np.float64(0.287), 2026: np.float64(0.537)}",3,EMA,median,12,14,—,True
49,55.1,0.313,"{2024: np.float64(0.671), 2025: np.float64(-0.137), 2026: None}",1,EMA,median,12,14,MA200,True
396,49.7,-0.035,"{2024: np.float64(0.081), 2025: np.float64(-0.296), 2026: np.float64(0.347)}",2,EMA,median,12,21,—,False
221,49.3,-0.047,"{2024: np.float64(0.09), 2025: np.float64(-0.328), 2026: np.float64(0.329)}",2,EMA,median,12,21,MA200,False
456,47.1,-0.271,"{2024: np.float64(-0.281), 2025: np.float64(-0.425), 2026: np.float64(0.291)}",1,EMA,median,12,34,—,False
259,45.2,-0.266,"{2024: np.float64(-0.137), 2025: np.float64(-0.648), 2026: np.float64(0.709)}",1,EMA,median,12,34,MA200,False
395,47.3,-0.239,"{2024: np.float64(-0.278), 2025: np.float64(-0.307), 2026: np.float64(0.092)}",1,EMA,median,12,55,—,False
243,44.9,-0.425,"{2024: np.float64(-0.393), 2025: np.float64(-0.534), 2026: np.float64(-0.117)}",0,EMA,median,12,55,MA200,False
341,47.2,-0.188,"{2024: np.float64(-0.178), 2025: np.float64(-0.32), 2026: np.float64(0.238)}",1,EMA,median,12,77,—,False
228,44.7,-0.355,"{2024: np.float64(-0.527), 2025: np.float64(-0.377), 2026: np.float64(0.199)}",1,EMA,median,12,77,MA200,False
311,47.3,-0.186,"{2024: np.float64(-0.04), 2025: np.float64(-0.389), 2026: np.float64(0.16)}",1,EMA,median,12,89,—,False
220,43.6,-0.356,"{2024: np.float64(-0.253), 2025: np.float64(-0.575), 2026: np.float64(0.19)}",1,EMA,median,12,89,MA200,False
299,50.2,-0.153,"{2024: np.float64(0.073), 2025: np.float64(-0.394), 2026: np.float64(0.13)}",2,EMA,median,12,100,—,False
221,46.6,-0.269,"{2024: np.float64(-0.095), 2025: np.float64(-0.489), 2026: np.float64(0.051)}",1,EMA,median,12,100,MA200,False
201,50.7,-0.12,"{2024: np.float64(0.12), 2025: np.float64(-0.274), 2026: np.float64(-0.334)}",1,EMA,median,12,200,—,False
201,50.7,-0.12,"{2024: np.float64(0.12), 2025: np.float64(-0.274), 2026: np.float64(-0.334)}",1,EMA,median,12,200,MA200,False
341,50.4,-0.02,"{2024: np.float64(0.123), 2025: np.float64(-0.336), 2026: np.float64(0.396)}",2,EMA,median,13,21,—,False
186,49.5,-0.048,"{2024: np.float64(0.14), 2025: np.float64(-0.352), 2026: np.float64(0.242)}",2,EMA,median,13,21,MA200,False
420,46.4,-0.265,"{2024: np.float64(-0.225), 2025: np.float64(-0.484), 2026: np.float64(0.355)}",1,EMA,median,13,34,—,False
241,44.4,-0.301,"{2024: np.float64(-0.06), 2025: np.float64(-0.728), 2026: np.float64(0.5)}",1,EMA,median,13,34,MA200,False
376,46.3,-0.25,"{2024: np.float64(-0.326), 2025: np.float64(-0.351), 2026: np.float64(0.344)}",1,EMA,median,13,55,—,False
239,42.3,-0.426,"{2024: np.float64(-0.354), 2025: np.float64(-0.613), 2026: np.float64(0.077)}",1,EMA,median,13,55,MA200,False
324,46.0,-0.202,"{2024: np.float64(-0.108), 2025: np.float64(-0.415), 2026: np.float64(0.335)}",1,EMA,median,13,77,—,False
220,41.8,-0.446,"{2024: np.float64(-0.423), 2025: np.float64(-0.62), 2026: np.float64(0.218)}",1,EMA,median,13,77,MA200,False
307,48.2,-0.193,"{2024: np.float64(-0.036), 2025: np.float64(-0.366), 2026: np.float64(0.019)}",1,EMA,median,13,89,—,False
218,45.0,-0.321,"{2024: np.float64(-0.239), 2025: np.float64(-0.463), 2026: np.float64(-0.035)}",0,EMA,median,13,89,MA200,False
283,49.1,-0.144,"{2024: np.float64(0.053), 2025: np.float64(-0.363), 2026: np.float64(0.132)}",2,EMA,median,13,100,—,False
210,46.2,-0.253,"{2024: np.float64(-0.172), 2025: np.float64(-0.434), 2026: np.float64(0.146)}",1,EMA,median,13,100,MA200,False
191,51.8,-0.13,"{2024: np.float64(0.142), 2025: np.float64(-0.299), 2026: np.float64(-0.375)}",1,EMA,median,13,200,—,False
191,51.8,-0.13,"{2024: np.float64(0.142), 2025: np.float64(-0.299), 2026: np.float64(-0.375)}",1,EMA,median,13,200,MA200,False
276,51.4,-0.017,"{2024: np.float64(0.068), 2025: np.float64(-0.312), 2026: np.float64(0.637)}",2,EMA,median,14,21,—,False
147,51.7,0.071,"{2024: np.float64(0.285), 2025: np.float64(-0.345), 2026: np.float64(0.655)}",2,EMA,median,14,21,MA200,False
392,47.7,-0.218,"{2024: np.float64(-0.242), 2025: np.float64(-0.404), 2026: np.float64(0.454)}",1,EMA,median,14,34,—,False
227,44.9,-0.317,"{2024: np.float64(-0.154), 2025: np.float64(-0.704), 2026: np.float64(0.554)}",1,EMA,median,14,34,MA200,False
356,46.1,-0.234,"{2024: np.float64(-0.268), 2025: np.float64(-0.381), 2026: np.float64(0.38)}",1,EMA,median,14,55,—,False
229,42.4,-0.402,"{2024: np.float64(-0.428), 2025: np.float64(-0.52), 2026: np.float64(0.168)}",1,EMA,median,14,55,MA200,False
300,47.3,-0.167,"{2024: np.float64(-0.024), 2025: np.float64(-0.404), 2026: np.float64(0.329)}",1,EMA,median,14,77,—,False
211,44.5,-0.367,"{2024: np.float64(-0.327), 2025: np.float64(-0.571), 2026: np.float64(0.326)}",1,EMA,median,14,77,MA200,False
285,46.7,-0.22,"{2024: np.float64(-0.066), 2025: np.float64(-0.361), 2026: np.float64(-0.129)}",0,EMA,median,14,89,—,False
205,42.9,-0.346,"{2024: np.float64(-0.297), 2025: np.float64(-0.427), 2026: np.float64(-0.192)}",0,EMA,median,14,89,MA200,False
273,46.9,-0.219,"{2024: np.float64(0.015), 2025: np.float64(-0.5), 2026: np.float64(0.215)}",2,EMA,median,14,100,—,False
206,43.2,-0.394,"{2024: np.float64(-0.299), 2025: np.float64(-0.634), 2026: np.float64(0.217)}",1,EMA,median,14,100,MA200,False
185,50.3,-0.198,"{2024: np.float64(-0.125), 2025: np.float64(-0.223), 2026: np.float64(-0.329)}",0,EMA,median,14,200,—,False
185,50.3,-0.198,"{2024: np.float64(-0.125), 2025: np.float64(-0.223), 2026: np.float64(-0.329)}",0,EMA,median,14,200,MA200,False
196,48.5,-0.008,"{2024: np.float64(0.033), 2025: np.float64(-0.31), 2026: np.float64(0.723)}",2,EMA,median,21,34,—,False
124,43.5,-0.216,"{2024: np.float64(-0.138), 2025: np.float64(-0.468), 2026: np.float64(0.391)}",1,EMA,median,21,34,MA200,False
255,47.5,-0.162,"{2024: np.float64(-0.016), 2025: np.float64(-0.516), 2026: np.float64(0.601)}",1,EMA,median,21,55,—,False
173,43.4,-0.406,"{2024: np.float64(-0.425), 2025: np.float64(-0.663), 2026: np.float64(0.706)}",1,EMA,median,21,55,MA200,False
216,50.9,0.056,"{2024: np.float64(0.301), 2025: np.float64(-0.184), 2026: np.float64(0.215)}",2,EMA,median,21,77,—,False
156,44.9,-0.18,"{2024: np.float64(-0.178), 2025: np.float64(-0.294), 2026: np.float64(0.169)}",1,EMA,median,21,77,MA200,False
207,44.9,-0.096,"{2024: np.float64(0.125), 2025: np.float64(-0.364), 2026: np.float64(0.21)}",2,EMA,median,21,89,—,False
159,45.9,-0.112,"{2024: np.float64(-0.116), 2025: np.float64(-0.26), 2026: np.float64(0.411)}",1,EMA,median,21,89,MA200,False
204,46.1,-0.164,"{2024: np.float64(0.042), 2025: np.float64(-0.412), 2026: np.float64(0.093)}",2,EMA,median,21,100,—,False
180,45.6,-0.206,"{2024: np.float64(-0.124), 2025: np.float64(-0.396), 2026: np.float64(0.238)}",1,EMA,median,21,100,MA200,False
156,45.5,-0.241,"{2024: np.float64(0.086), 2025: np.float64(-0.459), 2026: np.float64(-0.498)}",1,EMA,median,21,200,—,False
156,45.5,-0.241,"{2024: np.float64(0.086), 2025: np.float64(-0.459), 2026: np.float64(-0.498)}",1,EMA,median,21,200,MA200,False
89,46.1,-0.027,"{2024: np.float64(-0.019), 2025: np.float64(0.076), 2026: np.float64(-0.306)}",1,EMA,median,34,55,—,False
69,40.6,-0.305,"{2024: np.float64(-0.697), 2025: np.float64(-0.05), 2026: np.float64(-0.063)}",0,EMA,median,34,55,MA200,False
135,49.6,-0.108,"{2024: np.float64(0.118), 2025: np.float64(-0.325), 2026: np.float64(-0.112)}",1,EMA,median,34,77,—,False
118,50.0,-0.137,"{2024: np.float64(0.071), 2025: np.float64(-0.388), 2026: np.float64(0.013)}",2,EMA,median,34,77,MA200,False
141,45.4,-0.097,"{2024: np.float64(0.029), 2025: np.float64(-0.364), 2026: np.float64(0.346)}",2,EMA,median,34,89,—,False
127,47.2,-0.024,"{2024: np.float64(0.057), 2025: np.float64(-0.257), 2026: np.float64(0.458)}",2,EMA,median,34,89,MA200,False
140,45.0,-0.071,"{2024: np.float64(0.264), 2025: np.float64(-0.51), 2026: np.float64(0.277)}",2,EMA,median,34,100,—,False
132,45.5,-0.063,"{2024: np.float64(0.246), 2025: np.float64(-0.44), 2026: np.float64(0.2)}",2,EMA,median,34,100,MA200,False
115,47.0,-0.148,"{2024: np.float64(0.144), 2025: np.float64(-0.433), 2026: np.float64(-0.133)}",1,EMA,median,34,200,—,False
115,47.0,-0.148,"{2024: np.float64(0.144), 2025: np.float64(-0.433), 2026: np.float64(-0.133)}",1,EMA,median,34,200,MA200,False
47,46.8,-0.301,"{2024: np.float64(0.395), 2025: np.float64(-1.603), 2026: np.float64(0.146)}",2,EMA,median,55,89,—,False
47,46.8,-0.301,"{2024: np.float64(0.395), 2025: np.float64(-1.603), 2026: np.float64(0.146)}",2,EMA,median,55,89,MA200,False
65,47.7,-0.086,"{2024: np.float64(0.584), 2025: np.float64(-0.847), 2026: np.float64(-0.124)}",1,EMA,median,55,100,—,False
64,46.9,-0.166,"{2024: np.float64(0.425), 2025: np.float64(-0.847), 2026: np.float64(-0.124)}",1,EMA,median,55,100,MA200,False
84,41.7,-0.599,"{2024: np.float64(-0.52), 2025: np.float64(-0.897), 2026: np.float64(0.091)}",1,EMA,median,55,200,—,False
84,41.7,-0.599,"{2024: np.float64(-0.52), 2025: np.float64(-0.897), 2026: np.float64(0.091)}",1,EMA,median,55,200,MA200,False
50,42.0,-0.331,"{2024: np.float64(-0.409), 2025: np.float64(-0.14), 2026: None}",0,EMA,median,77,200,—,False
50,42.0,-0.331,"{2024: np.float64(-0.409), 2025: np.float64(-0.14), 2026: None}",0,EMA,median,77,200,MA200,False
369,50.7,0.003,"{2024: np.float64(0.091), 2025: np.float64(-0.328), 2026: np.float64(0.708)}",2,SMMA,median,7,12,—,False
205,49.8,0.072,"{2024: np.float64(0.276), 2025: np.float64(-0.418), 2026: np.float64(0.942)}",2,SMMA,median,7,12,MA200,False
389,48.8,-0.157,"{2024: np.float64(-0.125), 2025: np.float64(-0.387), 2026: np.float64(0.467)}",1,SMMA,median,7,13,—,False
216,46.3,-0.197,"{2024: np.float64(-0.063), 2025: np.float64(-0.596), 2026: np.float64(0.589)}",1,SMMA,median,7,13,MA200,False
411,49.1,-0.201,"{2024: np.float64(-0.208), 2025: np.float64(-0.407), 2026: np.float64(0.407)}",1,SMMA,median,7,14,—,False
226,47.3,-0.192,"{2024: np.float64(-0.022), 2025: np.float64(-0.585), 2026: np.float64(0.346)}",1,SMMA,median,7,14,MA200,False
408,48.3,-0.183,"{2024: np.float64(-0.19), 2025: np.float64(-0.33), 2026: np.float64(0.286)}",1,SMMA,median,7,21,—,False
237,46.4,-0.33,"{2024: np.float64(-0.352), 2025: np.float64(-0.558), 2026: np.float64(0.524)}",1,SMMA,median,7,21,MA200,False
329,47.1,-0.21,"{2024: np.float64(-0.237), 2025: np.float64(-0.326), 2026: np.float64(0.248)}",1,SMMA,median,7,34,—,False
217,43.8,-0.432,"{2024: np.float64(-0.528), 2025: np.float64(-0.513), 2026: np.float64(0.185)}",1,SMMA,median,7,34,MA200,False
269,47.6,-0.204,"{2024: np.float64(0.0), 2025: np.float64(-0.452), 2026: np.float64(0.214)}",1,SMMA,median,7,55,—,False
208,45.2,-0.361,"{2024: np.float64(-0.343), 2025: np.float64(-0.536), 2026: np.float64(0.26)}",1,SMMA,median,7,55,MA200,False
225,49.3,-0.143,"{2024: np.float64(0.03), 2025: np.float64(-0.372), 2026: np.float64(0.128)}",2,SMMA,median,7,77,—,False
212,50.9,-0.088,"{2024: np.float64(0.144), 2025: np.float64(-0.318), 2026: np.float64(0.081)}",2,SMMA,median,7,77,MA200,False
208,50.0,-0.184,"{2024: np.float64(0.017), 2025: np.float64(-0.409), 2026: np.float64(-0.067)}",1,SMMA,median,7,89,—,False
207,50.2,-0.182,"{2024: np.float64(0.022), 2025: np.float64(-0.409), 2026: np.float64(-0.067)}",1,SMMA,median,7,89,MA200,False
189,51.3,-0.145,"{2024: np.float64(0.125), 2025: np.float64(-0.296), 2026: np.float64(-0.397)}",1,SMMA,median,7,100,—,False
189,51.3,-0.145,"{2024: np.float64(0.125), 2025: np.float64(-0.296), 2026: np.float64(-0.397)}",1,SMMA,median,7,100,MA200,False
124,50.8,-0.145,"{2024: np.float64(0.13), 2025: np.float64(-0.523), 2026: np.float64(0.578)}",2,SMMA,median,7,200,—,False
110,49.1,-0.221,"{2024: np.float64(-0.141), 2025: np.float64(-0.595), 2026: np.float64(1.126)}",1,SMMA,median,7,200,MA200,False
203,48.8,-0.162,"{2024: np.float64(-0.202), 2025: np.float64(-0.337), 2026: np.float64(0.652)}",1,SMMA,median,12,21,—,False
138,44.9,-0.36,"{2024: np.float64(-0.279), 2025: np.float64(-0.557), 2026: np.float64(0.248)}",1,SMMA,median,12,21,MA200,False
213,50.2,0.024,"{2024: np.float64(0.274), 2025: np.float64(-0.259), 2026: np.float64(0.257)}",2,SMMA,median,12,34,—,False
147,44.9,-0.209,"{2024: np.float64(-0.082), 2025: np.float64(-0.517), 2026: np.float64(0.46)}",1,SMMA,median,12,34,MA200,False
181,47.5,-0.055,"{2024: np.float64(0.391), 2025: np.float64(-0.448), 2026: np.float64(-0.099)}",1,SMMA,median,12,55,—,False
163,46.6,-0.044,"{2024: np.float64(0.349), 2025: np.float64(-0.401), 2026: np.float64(0.009)}",2,SMMA,median,12,55,MA200,False
162,48.1,-0.264,"{2024: np.float64(0.039), 2025: np.float64(-0.611), 2026: np.float64(-0.065)}",1,SMMA,median,12,77,—,False
160,48.1,-0.259,"{2024: np.float64(0.062), 2025: np.float64(-0.611), 2026: np.float64(-0.065)}",1,SMMA,median,12,77,MA200,False
165,47.9,-0.209,"{2024: np.float64(0.049), 2025: np.float64(-0.383), 2026: np.float64(-0.428)}",1,SMMA,median,12,89,—,False
165,47.9,-0.209,"{2024: np.float64(0.049), 2025: np.float64(-0.383), 2026: np.float64(-0.428)}",1,SMMA,median,12,89,MA200,False
142,46.5,-0.191,"{2024: np.float64(0.307), 2025: np.float64(-0.473), 2026: np.float64(-0.63)}",1,SMMA,median,12,100,—,False
142,46.5,-0.191,"{2024: np.float64(0.307), 2025: np.float64(-0.473), 2026: np.float64(-0.63)}",1,SMMA,median,12,100,MA200,False
92,47.8,0.009,"{2024: np.float64(0.689), 2025: np.float64(-0.48), 2026: np.float64(0.105)}",2,SMMA,median,12,200,—,False
86,48.8,0.061,"{2024: np.float64(0.808), 2025: np.float64(-0.621), 2026: np.float64(0.693)}",2,SMMA,median,12,200,MA200,False
169,46.7,-0.162,"{2024: np.float64(-0.024), 2025: np.float64(-0.452), 2026: np.float64(0.43)}",1,SMMA,median,13,21,—,False
117,43.6,-0.289,"{2024: np.float64(-0.046), 2025: np.float64(-0.654), 2026: np.float64(0.336)}",1,SMMA,median,13,21,MA200,False
185,49.7,-0.018,"{2024: np.float64(0.206), 2025: np.float64(-0.261), 2026: np.float64(0.175)}",2,SMMA,median,13,34,—,False
134,44.8,-0.244,"{2024: np.float64(-0.33), 2025: np.float64(-0.371), 2026: np.float64(0.456)}",1,SMMA,median,13,34,MA200,False
173,48.6,-0.066,"{2024: np.float64(0.364), 2025: np.float64(-0.479), 2026: np.float64(-0.052)}",1,SMMA,median,13,55,—,False
152,50.0,0.035,"{2024: np.float64(0.515), 2025: np.float64(-0.396), 2026: np.float64(0.04)}",2,SMMA,median,13,55,MA200,False
159,45.3,-0.212,"{2024: np.float64(0.191), 2025: np.float64(-0.586), 2026: np.float64(-0.112)}",1,SMMA,median,13,77,—,False
156,44.9,-0.242,"{2024: np.float64(0.13), 2025: np.float64(-0.586), 2026: np.float64(-0.112)}",1,SMMA,median,13,77,MA200,False
157,45.9,-0.252,"{2024: np.float64(0.034), 2025: np.float64(-0.453), 2026: np.float64(-0.498)}",1,SMMA,median,13,89,—,False
157,45.9,-0.252,"{2024: np.float64(0.034), 2025: np.float64(-0.453), 2026: np.float64(-0.498)}",1,SMMA,median,13,89,MA200,False
136,52.9,-0.061,"{2024: np.float64(0.414), 2025: np.float64(-0.432), 2026: np.float64(-0.276)}",1,SMMA,median,13,100,—,False
136,52.9,-0.061,"{2024: np.float64(0.414), 2025: np.float64(-0.432), 2026: np.float64(-0.276)}",1,SMMA,median,13,100,MA200,False
89,44.9,-0.091,"{2024: np.float64(0.358), 2025: np.float64(-0.396), 2026: np.float64(-0.044)}",1,SMMA,median,13,200,—,False
83,45.8,-0.105,"{2024: np.float64(0.358), 2025: np.float64(-0.63), 2026: np.float64(0.531)}",2,SMMA,median,13,200,MA200,False
124,50.0,-0.107,"{2024: np.float64(0.04), 2025: np.float64(-0.579), 2026: np.float64(0.97)}",2,SMMA,median,14,21,—,False
90,50.0,-0.143,"{2024: np.float64(0.057), 2025: np.float64(-0.647), 2026: np.float64(0.73)}",2,SMMA,median,14,21,MA200,False
176,49.4,-0.005,"{2024: np.float64(0.073), 2025: np.float64(-0.112), 2026: np.float64(0.131)}",2,SMMA,median,14,34,—,False
127,45.7,-0.115,"{2024: np.float64(-0.259), 2025: np.float64(-0.204), 2026: np.float64(0.571)}",1,SMMA,median,14,34,MA200,False
173,49.1,-0.133,"{2024: np.float64(0.147), 2025: np.float64(-0.384), 2026: np.float64(-0.126)}",1,SMMA,median,14,55,—,False
157,50.3,0.007,"{2024: np.float64(0.339), 2025: np.float64(-0.301), 2026: np.float64(0.063)}",2,SMMA,median,14,55,MA200,False
159,47.2,-0.207,"{2024: np.float64(0.177), 2025: np.float64(-0.565), 2026: np.float64(-0.06)}",1,SMMA,median,14,77,—,False
157,47.8,-0.194,"{2024: np.float64(0.206), 2025: np.float64(-0.565), 2026: np.float64(-0.026)}",1,SMMA,median,14,77,MA200,False
144,43.1,-0.338,"{2024: np.float64(0.006), 2025: np.float64(-0.556), 2026: np.float64(-0.659)}",1,SMMA,median,14,89,—,False
144,43.1,-0.338,"{2024: np.float64(0.006), 2025: np.float64(-0.556), 2026: np.float64(-0.659)}",1,SMMA,median,14,89,MA200,False
125,45.6,-0.31,"{2024: np.float64(0.037), 2025: np.float64(-0.553), 2026: np.float64(-0.538)}",1,SMMA,median,14,100,—,False
125,45.6,-0.31,"{2024: np.float64(0.037), 2025: np.float64(-0.553), 2026: np.float64(-0.538)}",1,SMMA,median,14,100,MA200,False
85,44.7,-0.113,"{2024: np.float64(0.339), 2025: np.float64(-0.472), 2026: np.float64(0.063)}",2,SMMA,median,14,200,—,False
82,46.3,-0.039,"{2024: np.float64(0.339), 2025: np.float64(-0.484), 2026: np.float64(0.567)}",2,SMMA,median,14,200,MA200,False
82,50.0,-0.065,"{2024: np.float64(0.394), 2025: np.float64(-0.45), 2026: np.float64(-0.543)}",1,SMMA,median,21,34,—,False
77,49.4,-0.094,"{2024: np.float64(0.262), 2025: np.float64(-0.402), 2026: np.float64(-0.415)}",1,SMMA,median,21,34,MA200,False
111,46.8,-0.382,"{2024: np.float64(-0.056), 2025: np.float64(-0.542), 2026: np.float64(-0.612)}",0,SMMA,median,21,55,—,False
108,47.2,-0.379,"{2024: np.float64(-0.002), 2025: np.float64(-0.563), 2026: np.float64(-0.612)}",0,SMMA,median,21,55,MA200,False
107,44.9,-0.278,"{2024: np.float64(-0.038), 2025: np.float64(-0.424), 2026: np.float64(-0.537)}",0,SMMA,median,21,77,—,False
107,44.9,-0.278,"{2024: np.float64(-0.038), 2025: np.float64(-0.424), 2026: np.float64(-0.537)}",0,SMMA,median,21,77,MA200,False
102,46.1,-0.26,"{2024: np.float64(0.003), 2025: np.float64(-0.449), 2026: np.float64(-0.487)}",1,SMMA,median,21,89,—,False
102,46.1,-0.26,"{2024: np.float64(0.003), 2025: np.float64(-0.449), 2026: np.float64(-0.487)}",1,SMMA,median,21,89,MA200,False
102,46.1,-0.178,"{2024: np.float64(0.083), 2025: np.float64(-0.419), 2026: np.float64(-0.263)}",1,SMMA,median,21,100,—,False
102,46.1,-0.178,"{2024: np.float64(0.083), 2025: np.float64(-0.419), 2026: np.float64(-0.263)}",1,SMMA,median,21,100,MA200,False
65,47.7,0.367,"{2024: np.float64(0.67), 2025: np.float64(-0.025), 2026: None}",1,SMMA,median,21,200,—,True
63,47.6,0.273,"{2024: np.float64(0.379), 2025: np.float64(-0.002), 2026: None}",1,SMMA,median,21,200,MA200,True
60,41.7,-0.414,"{2024: np.float64(0.075), 2025: np.float64(-0.764), 2026: None}",1,SMMA,median,34,77,—,False
60,41.7,-0.414,"{2024: np.float64(0.075), 2025: np.float64(-0.764), 2026: None}",1,SMMA,median,34,77,MA200,False
67,40.3,-0.705,"{2024: np.float64(-0.531), 2025: np.float64(-1.058), 2026: None}",0,SMMA,median,34,89,—,False
67,40.3,-0.705,"{2024: np.float64(-0.531), 2025: np.float64(-1.058), 2026: None}",0,SMMA,median,34,89,MA200,False
70,44.3,-0.354,"{2024: np.float64(-0.216), 2025: np.float64(-0.56), 2026: None}",0,SMMA,median,34,100,—,False
70,44.3,-0.354,"{2024: np.float64(-0.216), 2025: np.float64(-0.56), 2026: None}",0,SMMA,median,34,100,MA200,False
50,54.0,0.105,"{2024: np.float64(-0.097), 2025: np.float64(0.142), 2026: None}",1,SMMA,median,34,200,—,True
50,54.0,0.105,"{2024: np.float64(-0.097), 2025: np.float64(0.142), 2026: None}",1,SMMA,median,34,200,MA200,True
1268,52.1,-0.021,"{2024: np.float64(-0.087), 2025: np.float64(-0.008), 2026: np.float64(0.156)}",1,LWMA,median,7,12,—,False
650,49.8,-0.031,"{2024: np.float64(-0.033), 2025: np.float64(-0.109), 2026: np.float64(0.219)}",1,LWMA,median,7,12,MA200,False
1296,51.9,-0.062,"{2024: np.float64(-0.126), 2025: np.float64(-0.023), 2026: np.float64(0.028)}",1,LWMA,median,7,13,—,False
658,49.8,-0.077,"{2024: np.float64(-0.123), 2025: np.float64(-0.126), 2026: np.float64(0.236)}",1,LWMA,median,7,13,MA200,False
1280,51.5,-0.085,"{2024: np.float64(-0.152), 2025: np.float64(-0.043), 2026: np.float64(0.007)}",1,LWMA,median,7,14,—,False
640,49.5,-0.085,"{2024: np.float64(-0.136), 2025: np.float64(-0.134), 2026: np.float64(0.242)}",1,LWMA,median,7,14,MA200,False
1143,50.4,-0.132,"{2024: np.float64(-0.208), 2025: np.float64(-0.07), 2026: np.float64(-0.078)}",0,LWMA,median,7,21,—,False
561,49.4,-0.074,"{2024: np.float64(-0.117), 2025: np.float64(-0.106), 2026: np.float64(0.144)}",1,LWMA,median,7,21,MA200,False
937,50.7,-0.174,"{2024: np.float64(-0.234), 2025: np.float64(-0.136), 2026: np.float64(-0.097)}",0,LWMA,median,7,34,—,False
471,52.7,-0.074,"{2024: np.float64(-0.069), 2025: np.float64(-0.09), 2026: np.float64(-0.041)}",0,LWMA,median,7,34,MA200,False
698,50.4,-0.165,"{2024: np.float64(-0.118), 2025: np.float64(-0.253), 2026: np.float64(-0.044)}",0,LWMA,median,7,55,—,False
370,50.3,-0.117,"{2024: np.float64(0.019), 2025: np.float64(-0.273), 2026: np.float64(-0.039)}",1,LWMA,median,7,55,MA200,False
580,46.9,-0.242,"{2024: np.float64(-0.276), 2025: np.float64(-0.332), 2026: np.float64(0.151)}",1,LWMA,median,7,77,—,False
321,43.6,-0.235,"{2024: np.float64(-0.148), 2025: np.float64(-0.46), 2026: np.float64(0.284)}",1,LWMA,median,7,77,MA200,False
541,46.4,-0.25,"{2024: np.float64(-0.307), 2025: np.float64(-0.322), 2026: np.float64(0.136)}",1,LWMA,median,7,89,—,False
310,43.2,-0.308,"{2024: np.float64(-0.207), 2025: np.float64(-0.53), 2026: np.float64(0.182)}",1,LWMA,median,7,89,MA200,False
498,46.8,-0.266,"{2024: np.float64(-0.352), 2025: np.float64(-0.281), 2026: np.float64(0.033)}",1,LWMA,median,7,100,—,False
292,42.5,-0.422,"{2024: np.float64(-0.356), 2025: np.float64(-0.546), 2026: np.float64(-0.172)}",0,LWMA,median,7,100,MA200,False
340,48.8,-0.228,"{2024: np.float64(-0.203), 2025: np.float64(-0.338), 2026: np.float64(0.071)}",1,LWMA,median,7,200,—,False
248,49.2,-0.148,"{2024: np.float64(-0.134), 2025: np.float64(-0.319), 2026: np.float64(0.426)}",1,LWMA,median,7,200,MA200,False
55,58.2,0.353,"{2024: np.float64(1.049), 2025: np.float64(-0.271), 2026: None}",1,LWMA,median,12,13,—,True
270,60.4,0.332,"{2024: np.float64(0.361), 2025: np.float64(0.277), 2026: np.float64(0.377)}",3,LWMA,median,12,14,—,True
147,57.1,0.227,"{2024: np.float64(0.32), 2025: np.float64(-0.018), 2026: np.float64(0.526)}",2,LWMA,median,12,14,MA200,True
801,52.2,-0.052,"{2024: np.float64(-0.129), 2025: np.float64(0.028), 2026: np.float64(-0.049)}",1,LWMA,median,12,21,—,False
400,51.7,-0.082,"{2024: np.float64(-0.185), 2025: np.float64(-0.062), 2026: np.float64(0.155)}",1,LWMA,median,12,21,MA200,False
720,50.6,-0.136,"{2024: np.float64(-0.208), 2025: np.float64(-0.109), 2026: np.float64(0.015)}",1,LWMA,median,12,34,—,False
369,49.9,-0.19,"{2024: np.float64(-0.177), 2025: np.float64(-0.214), 2026: np.float64(-0.157)}",0,LWMA,median,12,34,MA200,False
560,47.9,-0.253,"{2024: np.float64(-0.232), 2025: np.float64(-0.385), 2026: np.float64(0.08)}",1,LWMA,median,12,55,—,False
293,46.1,-0.263,"{2024: np.float64(-0.245), 2025: np.float64(-0.476), 2026: np.float64(0.371)}",1,LWMA,median,12,55,MA200,False
460,47.8,-0.215,"{2024: np.float64(-0.343), 2025: np.float64(-0.265), 2026: np.float64(0.337)}",1,LWMA,median,12,77,—,False
256,47.3,-0.203,"{2024: np.float64(-0.362), 2025: np.float64(-0.29), 2026: np.float64(0.612)}",1,LWMA,median,12,77,MA200,False
418,48.3,-0.231,"{2024: np.float64(-0.311), 2025: np.float64(-0.329), 2026: np.float64(0.369)}",1,LWMA,median,12,89,—,False
246,45.5,-0.41,"{2024: np.float64(-0.429), 2025: np.float64(-0.574), 2026: np.float64(0.338)}",1,LWMA,median,12,89,MA200,False
402,47.8,-0.239,"{2024: np.float64(-0.31), 2025: np.float64(-0.383), 2026: np.float64(0.567)}",1,LWMA,median,12,100,—,False
243,44.4,-0.458,"{2024: np.float64(-0.54), 2025: np.float64(-0.553), 2026: np.float64(0.353)}",1,LWMA,median,12,100,MA200,False
275,50.2,-0.192,"{2024: np.float64(-0.096), 2025: np.float64(-0.329), 2026: np.float64(0.048)}",1,LWMA,median,12,200,—,False
208,51.0,-0.232,"{2024: np.float64(-0.397), 2025: np.float64(-0.247), 2026: np.float64(0.209)}",1,LWMA,median,12,200,MA200,False
718,53.3,0.026,"{2024: np.float64(0.003), 2025: np.float64(0.062), 2026: np.float64(-0.01)}",2,LWMA,median,13,21,—,False
361,53.2,0.021,"{2024: np.float64(-0.007), 2025: np.float64(0.019), 2026: np.float64(0.109)}",2,LWMA,median,13,21,MA200,False
691,49.9,-0.144,"{2024: np.float64(-0.154), 2025: np.float64(-0.181), 2026: np.float64(0.007)}",1,LWMA,median,13,34,—,False
360,48.9,-0.164,"{2024: np.float64(-0.047), 2025: np.float64(-0.244), 2026: np.float64(-0.288)}",0,LWMA,median,13,34,MA200,False
539,47.5,-0.234,"{2024: np.float64(-0.192), 2025: np.float64(-0.348), 2026: np.float64(-0.021)}",0,LWMA,median,13,55,—,False
281,45.9,-0.232,"{2024: np.float64(-0.195), 2025: np.float64(-0.411), 2026: np.float64(0.225)}",1,LWMA,median,13,55,MA200,False
451,47.7,-0.226,"{2024: np.float64(-0.371), 2025: np.float64(-0.245), 2026: np.float64(0.278)}",1,LWMA,median,13,77,—,False
258,46.9,-0.285,"{2024: np.float64(-0.486), 2025: np.float64(-0.349), 2026: np.float64(0.604)}",1,LWMA,median,13,77,MA200,False
403,48.4,-0.185,"{2024: np.float64(-0.263), 2025: np.float64(-0.309), 2026: np.float64(0.513)}",1,LWMA,median,13,89,—,False
240,45.8,-0.327,"{2024: np.float64(-0.379), 2025: np.float64(-0.5), 2026: np.float64(0.625)}",1,LWMA,median,13,89,MA200,False
394,47.7,-0.258,"{2024: np.float64(-0.313), 2025: np.float64(-0.394), 2026: np.float64(0.437)}",1,LWMA,median,13,100,—,False
240,44.2,-0.486,"{2024: np.float64(-0.555), 2025: np.float64(-0.533), 2026: np.float64(0.026)}",1,LWMA,median,13,100,MA200,False
264,50.0,-0.206,"{2024: np.float64(-0.098), 2025: np.float64(-0.349), 2026: np.float64(0.016)}",1,LWMA,median,13,200,—,False
204,51.0,-0.199,"{2024: np.float64(-0.215), 2025: np.float64(-0.294), 2026: np.float64(0.122)}",1,LWMA,median,13,200,MA200,False
611,54.8,0.119,"{2024: np.float64(0.143), 2025: np.float64(0.043), 2026: np.float64(0.247)}",3,LWMA,median,14,21,—,True
308,53.9,0.15,"{2024: np.float64(0.079), 2025: np.float64(0.075), 2026: np.float64(0.585)}",3,LWMA,median,14,21,MA200,True
646,50.2,-0.12,"{2024: np.float64(-0.141), 2025: np.float64(-0.15), 2026: np.float64(0.053)}",1,LWMA,median,14,34,—,False
337,48.4,-0.125,"{2024: np.float64(-0.045), 2025: np.float64(-0.217), 2026: np.float64(-0.092)}",0,LWMA,median,14,34,MA200,False
525,46.7,-0.271,"{2024: np.float64(-0.241), 2025: np.float64(-0.403), 2026: np.float64(0.048)}",1,LWMA,median,14,55,—,False
276,44.9,-0.234,"{2024: np.float64(-0.2), 2025: np.float64(-0.402), 2026: np.float64(0.217)}",1,LWMA,median,14,55,MA200,False
434,48.2,-0.224,"{2024: np.float64(-0.34), 2025: np.float64(-0.277), 2026: np.float64(0.336)}",1,LWMA,median,14,77,—,False
250,47.6,-0.26,"{2024: np.float64(-0.464), 2025: np.float64(-0.354), 2026: np.float64(0.795)}",1,LWMA,median,14,77,MA200,False
391,47.8,-0.219,"{2024: np.float64(-0.287), 2025: np.float64(-0.355), 2026: np.float64(0.471)}",1,LWMA,median,14,89,—,False
234,43.6,-0.419,"{2024: np.float64(-0.517), 2025: np.float64(-0.584), 2026: np.float64(0.655)}",1,LWMA,median,14,89,MA200,False
384,47.1,-0.274,"{2024: np.float64(-0.323), 2025: np.float64(-0.434), 2026: np.float64(0.521)}",1,LWMA,median,14,100,—,False
242,44.2,-0.48,"{2024: np.float64(-0.548), 2025: np.float64(-0.569), 2026: np.float64(0.278)}",1,LWMA,median,14,100,MA200,False
253,49.4,-0.212,"{2024: np.float64(-0.03), 2025: np.float64(-0.401), 2026: np.float64(-0.005)}",0,LWMA,median,14,200,—,False
195,48.2,-0.266,"{2024: np.float64(-0.221), 2025: np.float64(-0.426), 2026: np.float64(0.099)}",1,LWMA,median,14,200,MA200,False
446,49.1,-0.112,"{2024: np.float64(-0.011), 2025: np.float64(-0.3), 2026: np.float64(0.143)}",1,LWMA,median,21,34,—,False
248,49.6,-0.175,"{2024: np.float64(-0.045), 2025: np.float64(-0.418), 2026: np.float64(0.193)}",1,LWMA,median,21,34,MA200,False
400,47.2,-0.352,"{2024: np.float64(-0.294), 2025: np.float64(-0.534), 2026: np.float64(0.016)}",1,LWMA,median,21,55,—,False
227,43.2,-0.516,"{2024: np.float64(-0.3), 2025: np.float64(-0.843), 2026: np.float64(-0.082)}",0,LWMA,median,21,55,MA200,False
341,47.5,-0.218,"{2024: np.float64(-0.115), 2025: np.float64(-0.518), 2026: np.float64(0.537)}",1,LWMA,median,21,77,—,False
207,44.0,-0.302,"{2024: np.float64(-0.155), 2025: np.float64(-0.683), 2026: np.float64(0.882)}",1,LWMA,median,21,77,MA200,False
326,48.2,-0.18,"{2024: np.float64(-0.196), 2025: np.float64(-0.456), 2026: np.float64(1.082)}",1,LWMA,median,21,89,—,False
203,44.8,-0.256,"{2024: np.float64(-0.213), 2025: np.float64(-0.618), 2026: np.float64(1.542)}",1,LWMA,median,21,89,MA200,False
317,45.4,-0.284,"{2024: np.float64(-0.279), 2025: np.float64(-0.572), 2026: np.float64(0.92)}",1,LWMA,median,21,100,—,False
203,42.9,-0.385,"{2024: np.float64(-0.207), 2025: np.float64(-0.837), 2026: np.float64(1.233)}",1,LWMA,median,21,100,MA200,False
219,45.7,-0.185,"{2024: np.float64(0.082), 2025: np.float64(-0.433), 2026: np.float64(-0.029)}",1,LWMA,median,21,200,—,False
179,45.3,-0.211,"{2024: np.float64(-0.136), 2025: np.float64(-0.357), 2026: np.float64(0.05)}",1,LWMA,median,21,200,MA200,False
232,47.4,-0.211,"{2024: np.float64(-0.09), 2025: np.float64(-0.645), 2026: np.float64(0.701)}",1,LWMA,median,34,55,—,False
158,46.8,-0.293,"{2024: np.float64(-0.149), 2025: np.float64(-0.747), 2026: np.float64(0.846)}",1,LWMA,median,34,55,MA200,False
255,51.8,-0.217,"{2024: np.float64(-0.332), 2025: np.float64(-0.428), 2026: np.float64(1.011)}",1,LWMA,median,34,77,—,False
158,50.6,-0.222,"{2024: np.float64(-0.185), 2025: np.float64(-0.592), 2026: np.float64(1.218)}",1,LWMA,median,34,77,MA200,False
230,53.5,-0.001,"{2024: np.float64(-0.034), 2025: np.float64(-0.325), 2026: np.float64(1.119)}",1,LWMA,median,34,89,—,False
144,50.0,-0.13,"{2024: np.float64(-0.154), 2025: np.float64(-0.605), 2026: np.float64(1.572)}",1,LWMA,median,34,89,MA200,False
210,53.3,0.056,"{2024: np.float64(0.099), 2025: np.float64(-0.26), 2026: np.float64(0.986)}",2,LWMA,median,34,100,—,False
141,51.8,-0.0,"{2024: np.float64(-0.041), 2025: np.float64(-0.324), 2026: np.float64(1.284)}",1,LWMA,median,34,100,MA200,False
164,51.8,-0.183,"{2024: np.float64(0.167), 2025: np.float64(-0.515), 2026: np.float64(0.009)}",2,LWMA,median,34,200,—,False
138,52.9,-0.16,"{2024: np.float64(0.151), 2025: np.float64(-0.507), 2026: np.float64(0.146)}",2,LWMA,median,34,200,MA200,False
74,59.5,0.225,"{2024: np.float64(0.466), 2025: np.float64(-0.362), 2026: np.float64(0.674)}",2,LWMA,median,55,77,—,True
53,54.7,-0.173,"{2024: np.float64(0.144), 2025: np.float64(-1.064), 2026: np.float64(0.518)}",2,LWMA,median,55,77,MA200,False
115,52.2,0.008,"{2024: np.float64(0.08), 2025: np.float64(-0.332), 2026: np.float64(0.671)}",2,LWMA,median,55,89,—,False
79,54.4,-0.004,"{2024: np.float64(0.215), 2025: np.float64(-0.573), 2026: np.float64(0.761)}",2,LWMA,median,55,89,MA200,False
126,47.6,-0.202,"{2024: np.float64(-0.234), 2025: np.float64(-0.372), 2026: np.float64(0.264)}",1,LWMA,median,55,100,—,False
86,50.0,-0.292,"{2024: np.float64(-0.313), 2025: np.float64(-0.652), 2026: np.float64(0.715)}",1,LWMA,median,55,100,MA200,False
132,43.9,-0.357,"{2024: np.float64(-0.176), 2025: np.float64(-0.403), 2026: np.float64(-0.64)}",0,LWMA,median,55,200,—,False
122,43.4,-0.396,"{2024: np.float64(-0.218), 2025: np.float64(-0.465), 2026: np.float64(-0.627)}",0,LWMA,median,55,200,MA200,False
95,46.3,-0.102,"{2024: np.float64(0.328), 2025: np.float64(-0.646), 2026: np.float64(0.047)}",2,LWMA,median,77,200,—,False
91,45.1,-0.121,"{2024: np.float64(0.321), 2025: np.float64(-0.646), 2026: np.float64(0.039)}",2,LWMA,median,77,200,MA200,False
79,49.4,-0.033,"{2024: np.float64(0.245), 2025: np.float64(-0.134), 2026: np.float64(-0.538)}",1,LWMA,median,89,200,—,False
77,48.1,-0.072,"{2024: np.float64(0.245), 2025: np.float64(-0.229), 2026: np.float64(-0.604)}",1,LWMA,median,89,200,MA200,False
63,47.6,-0.092,"{2024: np.float64(0.438), 2025: np.float64(-0.466), 2026: np.float64(-0.822)}",1,LWMA,median,100,200,—,False
62,46.8,-0.102,"{2024: np.float64(0.438), 2025: np.float64(-0.466), 2026: None}",1,LWMA,median,100,200,MA200,False
