id,window_start,window_end,exchange,contract,pair,strategy,side,base_offset,dyn_offset,step,orders,size,max_size,mult,instop,target,take_profit,min_stop,max_stop,exit_at_average,profit,realized,unrealized,volume_usdt,triggers,position_btc,avg_price,avg_sell,out_stop,notes
4789187658,2025-09-10,2026-09-10,OKX,USDT_FUTURES,BTC-USDT-SWAP,DYNAMIC_GRID,Short,0.4,0.06,0.1,800,0.0013,,,0,1.6,,0.006,0.02,off,4391.77,7357.98,-2966.21,981875,225,0.2925,74716.9,67858.1,,
5982930347,2025-09-10,2026-09-10,OKX,USDT_FUTURES,BTC-USDT-SWAP,DYNAMIC_GRID,Short,0.4,0.06,0.2,800,0.0025,,,0,1.6,,0.006,0.02,off,4823.77,8086.87,-3263.09,1085783,127,0.3175,74907.1,67748.6,,
4598027329,2025-09-10,2026-09-10,OKX,USDT_FUTURES,BTC-USDT-SWAP,DYNAMIC_GRID,Short,0.4,0.06,0.4,400,0.005,,,0,1.6,,0.006,0.02,off,5411.03,8785.4,-3374.37,1180671,68,0.34,75224.0,68082.3,,
4825767639,2025-09-10,2026-09-10,OKX,USDT_FUTURES,BTC-USDT-SWAP,DYNAMIC_GRID,Short,0.4,0.06,0.8,400,0.01,,,0,1.6,,0.006,0.02,off,5851.99,9299.38,-3447.39,1251662,35,0.35,75175.6,67379.5,,
5270746573,2025-09-10,2026-09-10,OKX,USDT_FUTURES,BTC-USDT-SWAP,DYNAMIC_GRID,Short,0.4,0.06,0.1,800,0.0013,,,0,1.2,,0.006,0.02,off,4212.13,7171.64,-2959.52,1303229,221,0.2873,76005.0,67697.8,,
5879703159,2025-09-10,2026-09-10,OKX,USDT_FUTURES,BTC-USDT-SWAP,DYNAMIC_GRID,Short,0.4,0.06,0.2,800,0.0025,,,0,1.2,,0.006,0.02,off,4580.2,7861.97,-3281.77,1435170,126,0.315,76352.5,67634.6,,
4853142445,2025-09-10,2026-09-10,OKX,USDT_FUTURES,BTC-USDT-SWAP,DYNAMIC_GRID,Short,0.4,0.06,0.4,400,0.005,,,0,1.2,,0.006,0.02,off,5138.11,8610.63,-3472.52,1571180,68,0.34,76498.5,67793.5,,
5210207145,2025-09-10,2026-09-10,OKX,USDT_FUTURES,BTC-USDT-SWAP,DYNAMIC_GRID,Short,0.4,0.06,0.8,400,0.01,,,0,1.2,,0.006,0.02,off,5732.26,9151.95,-3419.69,1658213,34,0.34,76018.2,67171.1,,BEST by $/BTC = 16860
5360860586,2025-09-10,2026-09-10,OKX,USDT_FUTURES,BTC-USDT-SWAP,DYNAMIC_GRID,Short,0.4,0.06,0.1,800,0.0013,,,0,0.4,,0.006,0.02,off,2696.33,5595.54,-2899.2,3677061,216,0.2808,78856.6,67608.8,0.0013 @ 77877.9,only Out Stop fire in the whole batch
5139158480,2025-09-10,2026-09-10,OKX,USDT_FUTURES,BTC-USDT-SWAP,DYNAMIC_GRID,Short,0.4,0.06,0.2,800,0.0025,,,0,0.4,,0.006,0.02,off,3148.78,6421.09,-3272.32,4294455,124,0.31,78903.7,67494.6,,Finished
5009791949,2025-09-10,2026-09-10,OKX,USDT_FUTURES,BTC-USDT-SWAP,DYNAMIC_GRID,Short,0.4,0.06,0.4,400,0.005,,,0,0.4,,0.006,0.02,off,3591.72,7189.67,-3597.95,4820983,69,0.345,78919.9,67577.8,,
5999177715,2025-09-10,2026-09-10,OKX,USDT_FUTURES,BTC-USDT-SWAP,DYNAMIC_GRID,Short,0.4,0.06,0.8,400,0.01,,,0,0.4,,0.006,0.02,off,3963.69,7505.67,-3541.98,5030789,35,0.35,78835.2,67112.3,,max volume in batch
5288447659,2025-09-10,2026-09-10,OKX,USDT_FUTURES,BTC-USDT-SWAP,DYNAMIC_GRID,Short,0.4,0.06,0.1,800,0.0013,,,0,1.65,,0.006,0.02,on,3094.64,5951.17,-2856.53,759267,257,0.3341,69449.9,68303.9,,
6425098343,2025-09-10,2026-09-10,OKX,USDT_FUTURES,BTC-USDT-SWAP,DYNAMIC_GRID,Short,0.4,0.06,0.2,800,0.0025,,,0,1.65,,0.006,0.02,on,3228.07,6389.1,-3161.02,813170,144,0.36,69261.3,68118.5,,
4327231048,2025-09-10,2026-09-10,OKX,USDT_FUTURES,BTC-USDT-SWAP,DYNAMIC_GRID,Short,0.4,0.06,0.4,400,0.005,,,0,1.65,,0.006,0.02,on,3598.4,7033.83,-3435.5,893316,79,0.395,69310.2,68166.6,,
6407218987,2025-09-10,2026-09-10,OKX,USDT_FUTURES,BTC-USDT-SWAP,DYNAMIC_GRID,Short,0.4,0.06,0.8,200,0.01,,,0,1.65,,0.006,0.02,on,4442.59,7776.91,-3334.32,987209,42,0.42,69291.3,68148.0,,best ON run; 200 orders
5455747099,2025-09-10,2026-09-10,OKX,USDT_FUTURES,BTC-USDT-SWAP,DYNAMIC_GRID,Short,0.4,0.06,0.1,800,0.0013,,,0,1.25,,0.006,0.02,on,2499.81,5330.7,-2830.89,917364,256,0.3328,69477.5,68609.0,,Finished
5877354290,2025-09-10,2026-09-10,OKX,USDT_FUTURES,BTC-USDT-SWAP,DYNAMIC_GRID,Short,0.4,0.06,0.1,800,0.0013,,,0,1.25,,0.006,0.02,on,2532.58,5344.03,-2811.45,921671,255,0.3315,69518.8,68649.8,,near-duplicate of 5455747099
6240740645,2025-09-10,2026-09-10,OKX,USDT_FUTURES,BTC-USDT-SWAP,DYNAMIC_GRID,Short,0.4,0.06,0.2,800,0.0025,,,0,1.25,,0.006,0.02,on,2689.81,5854.31,-3164.5,1009842,144,0.36,69261.0,68395.3,,
5196945226,2025-09-10,2026-09-10,OKX,USDT_FUTURES,BTC-USDT-SWAP,DYNAMIC_GRID,Short,0.4,0.06,0.4,400,0.005,,,0,1.25,,0.006,0.02,on,2989.45,6426.31,-3436.86,1115115,79,0.395,69306.6,68440.3,,
6368069505,2025-09-10,2026-09-10,OKX,USDT_FUTURES,BTC-USDT-SWAP,DYNAMIC_GRID,Short,0.4,0.06,0.8,400,0.01,,,0,1.25,,0.006,0.02,on,2856.59,6190.91,-3334.32,1086436,42,0.42,69291.3,68425.1,,Finished
5025302183,2025-09-10,2026-09-10,OKX,USDT_FUTURES,BTC-USDT-SWAP,DYNAMIC_GRID,Short,0.4,0.06,0.2,800,0.0025,,,0,1.55,,0.006,0.02,on,3294.65,6460.02,-3165.36,886815,144,0.36,69261.0,68187.5,,
4875514057,2025-09-10,2026-09-10,OKX,USDT_FUTURES,BTC-USDT-SWAP,DYNAMIC_GRID,Short,0.4,0.06,0.4,400,0.005,,,0,1.55,,0.006,0.02,on,3450.84,6897.18,-3446.35,938201,79,0.395,69306.6,68232.4,,
5035154902,2025-09-10,2026-09-10,OKX,USDT_FUTURES,BTC-USDT-SWAP,DYNAMIC_GRID,Short,0.4,0.06,0.2,800,0.0025,,,0,1.0,,0.006,0.02,on,2133.97,5305.68,-3171.7,1164554,144,0.36,69261.0,68568.4,,
4729563066,2025-09-10,2026-09-10,OKX,USDT_FUTURES,BTC-USDT-SWAP,DYNAMIC_GRID,Short,0.4,0.06,0.4,400,0.005,,,0,1.0,,0.006,0.02,on,2411.05,5846.01,-3434.96,1285240,79,0.395,69306.6,68613.5,,Finished
4676613726,2025-09-10,2026-09-10,OKX,USDT_FUTURES,BTC-USDT-SWAP,DYNAMIC_GRID,Short,0.4,0.06,0.8,400,0.01,,,0,1.0,,0.006,0.02,on,3201.86,6537.1,-3335.24,1450440,42,0.42,69292.3,68599.4,,
6291265623,2025-09-10,2026-09-10,OKX,USDT_FUTURES,BTC-USDT-SWAP,DYNAMIC_GRID,Short,0.4,0.06,0.2,800,0.0025,,,0,0.6,,0.006,0.02,on,1201.94,4116.23,-2914.29,1595893,139,0.3475,69651.2,69233.3,,
5465904621,2025-09-10,2026-09-10,OKX,USDT_FUTURES,BTC-USDT-SWAP,DYNAMIC_GRID,Short,0.4,0.06,0.4,400,0.005,,,0,0.6,,0.006,0.02,on,1305.6,4740.6,-3435.0,1792025,79,0.395,69306.6,68890.8,,
6048647104,2025-09-10,2026-09-10,OKX,USDT_FUTURES,BTC-USDT-SWAP,DYNAMIC_GRID,Short,0.4,0.06,0.8,400,0.01,,,0,0.6,,0.006,0.02,on,1946.03,5204.8,-3258.77,2022196,41,0.41,69285.0,68869.3,,
5276261795,2025-09-10,2026-09-10,OKX,USDT_FUTURES,BTC-USDT-SWAP,DYNAMIC_GRID,Short,0.4,0.06,0.1,800,0.0013,,,0,0.4,,0.006,0.02,on,1765.38,3231.59,-1466.21,2040854,196,0.2548,72246.8,71957.8,,Finished
6281065952,2025-09-10,2026-09-10,OKX,USDT_FUTURES,BTC-USDT-SWAP,DYNAMIC_GRID,Short,0.4,0.06,0.8,400,0.01,,,0,0.4,,0.006,0.02,on,1082.46,4409.39,-3326.93,2817159,42,0.42,69292.0,69014.9,,worst $/BTC = 2577
4622728457,2025-09-10,2026-09-10,OKX,USDT_FUTURES,BTC-USDT-SWAP,DYNAMIC_GRID,Short,0.4,0.06,0.1,800,0.0013,,,0,,1,0.006,0.02,on,2014.9,4828.92,-2814.02,1045687,255,0.3315,69511.1,68816.0,,"TARGET EMPTY, uses Take-Profit=1 instead — not comparable to target-based runs"
6130068888,2025-09-20,2026-09-10,OKX,USDT_FUTURES,BTC-USDT-SWAP,DYNAMIC_GRID,Short,0.4,0.06,0.8,200,0.01,,,0,1.55,,0.006,0.02,on,3711.18,7385.49,-3674.31,1020759,42,0.42,69292.3,68218.2,,WINDOW STARTS 10 DAYS LATER (2025-09-20) — not directly comparable
