пара,направление,старт,конец,дней,ход_pct,ход_в_день,первая_треть_pct,доля_в_первой_трети,макс_откат_внутри_pct,воля_до,воля_внутри,объём_к_норме,цена_к_sma20_на_старте,откат_после_pct,часов_до_отката
BTC,рост,2024-05-15 00:00:00+00:00,2024-05-20 23:00:00+00:00,6.0,16.29,2.73,6.18,38.0,-3.22,,0.419,,,-3.02,20
BTC,рост,2024-05-24 06:00:00+00:00,2024-06-07 11:00:00+00:00,14.2,7.2,0.51,2.26,31.0,-5.68,0.421,0.339,0.68,,-3.55,7
BTC,падение,2024-06-12 14:00:00+00:00,2024-06-24 19:00:00+00:00,12.2,15.23,1.25,4.64,30.0,3.8,0.325,0.375,0.92,1.53,-3.37,8
BTC,рост,2024-06-24 19:00:00+00:00,2024-07-01 17:00:00+00:00,6.9,7.4,1.07,2.9,39.0,-3.88,0.319,0.37,0.96,-11.55,-3.27,32
BTC,рост,2024-07-16 08:00:00+00:00,2024-07-22 19:00:00+00:00,6.5,8.61,1.33,3.08,36.0,-4.37,0.493,0.44,0.94,5.53,-3.14,18
BTC,рост,2024-08-19 09:00:00+00:00,2024-08-25 22:00:00+00:00,6.5,11.16,1.71,3.31,30.0,-4.64,0.554,0.498,0.74,-3.21,-3.33,36
BTC,падение,2024-08-29 14:00:00+00:00,2024-09-04 05:00:00+00:00,5.6,7.5,1.33,2.79,37.0,4.69,0.313,0.518,0.69,0.51,-3.35,10
BTC,рост,2024-09-16 14:00:00+00:00,2024-09-27 16:00:00+00:00,11.1,15.1,1.36,10.75,71.0,-3.5,0.402,0.408,0.99,-0.34,-3.0,64
BTC,падение,2024-09-27 16:00:00+00:00,2024-10-03 16:00:00+00:00,6.0,9.25,1.54,0.81,9.0,3.7,0.4,0.387,0.98,9.77,-3.45,24
BTC,рост,2024-10-15 14:00:00+00:00,2024-10-29 18:00:00+00:00,14.2,11.92,0.84,4.59,39.0,-6.13,0.411,0.344,1.12,3.65,-3.3,44
BTC,падение,2024-10-29 18:00:00+00:00,2024-11-04 21:00:00+00:00,6.1,8.27,1.35,4.21,51.0,4.07,0.278,0.434,1.15,10.19,-4.24,17
BTC,рост,2024-11-04 21:00:00+00:00,2024-11-12 06:00:00+00:00,7.4,33.41,4.53,11.96,36.0,-3.65,0.434,0.52,2.31,-2.13,-3.08,4
BTC,рост,2024-11-14 23:00:00+00:00,2024-11-22 21:00:00+00:00,7.9,13.68,1.73,3.42,25.0,-3.41,0.728,0.546,1.15,16.82,-3.4,42
BTC,рост,2024-12-10 17:00:00+00:00,2024-12-17 14:00:00+00:00,6.9,14.58,2.12,5.93,41.0,-3.25,0.599,0.493,0.62,-2.78,-3.23,13
BTC,рост,2024-12-30 14:00:00+00:00,2025-01-06 23:00:00+00:00,7.4,11.27,1.53,3.24,29.0,-3.49,0.341,0.351,0.52,-7.0,-4.19,16
BTC,рост,2025-01-13 12:00:00+00:00,2025-01-19 20:00:00+00:00,6.3,17.13,2.7,9.59,56.0,-3.5,0.52,0.56,1.27,-5.42,-4.65,3
BTC,падение,2025-01-21 19:00:00+00:00,2025-01-27 10:00:00+00:00,5.6,8.07,1.43,1.77,22.0,5.78,0.616,0.433,1.0,8.84,-3.59,4
BTC,падение,2025-02-03 19:00:00+00:00,2025-02-09 21:00:00+00:00,6.1,6.58,1.08,4.43,67.0,4.66,0.448,0.489,0.82,-0.69,-3.2,16
BTC,падение,2025-02-21 13:00:00+00:00,2025-02-26 19:00:00+00:00,5.2,15.58,2.97,2.85,18.0,3.96,0.317,0.448,1.56,2.2,-3.76,15
BTC,рост,2025-03-13 17:00:00+00:00,2025-03-19 23:00:00+00:00,6.2,8.47,1.36,5.29,62.0,-4.89,0.736,0.442,0.59,-8.43,-3.5,17
BTC,падение,2025-03-24 18:00:00+00:00,2025-03-31 09:00:00+00:00,6.6,7.92,1.2,1.76,22.0,2.58,0.354,0.348,0.54,4.61,-3.27,23
BTC,рост,2025-04-16 00:00:00+00:00,2025-05-02 14:00:00+00:00,16.6,17.56,1.06,4.68,27.0,-3.21,0.517,0.329,0.74,0.32,-3.55,57
BTC,рост,2025-05-12 18:00:00+00:00,2025-05-22 03:00:00+00:00,9.4,9.99,1.07,1.63,16.0,-4.77,0.361,0.439,1.18,5.02,-3.01,33
BTC,падение,2025-05-22 03:00:00+00:00,2025-05-31 02:00:00+00:00,9.0,7.69,0.86,3.45,45.0,3.86,0.49,0.352,1.0,10.15,-3.0,70
BTC,рост,2025-06-05 20:00:00+00:00,2025-06-10 23:00:00+00:00,5.1,9.74,1.9,5.1,52.0,-1.99,0.271,0.273,0.72,-5.65,-3.06,36
BTC,падение,2025-06-16 20:00:00+00:00,2025-06-22 19:00:00+00:00,6.0,9.1,1.53,4.57,50.0,3.05,0.248,0.347,0.85,2.64,-3.09,11
BTC,рост,2025-06-22 19:00:00+00:00,2025-06-30 00:00:00+00:00,7.2,9.94,1.38,7.4,74.0,-2.92,0.344,0.255,0.87,-6.28,-3.05,43
BTC,рост,2025-07-02 00:00:00+00:00,2025-07-14 07:00:00+00:00,12.3,16.46,1.34,2.53,15.0,-2.98,0.244,0.236,0.96,-0.19,-3.51,18
BTC,падение,2025-07-14 07:00:00+00:00,2025-07-25 14:00:00+00:00,11.3,6.34,0.56,1.95,31.0,4.55,0.295,0.355,1.46,11.81,-3.01,48
BTC,падение,2025-07-28 05:00:00+00:00,2025-08-02 19:00:00+00:00,5.6,6.1,1.09,1.39,23.0,2.7,0.353,0.301,1.12,2.04,-3.67,111
BTC,рост,2025-08-02 19:00:00+00:00,2025-08-11 06:00:00+00:00,8.5,8.97,1.06,0.72,8.0,-2.65,0.308,0.265,0.74,-4.82,-3.18,27
BTC,падение,2025-08-14 00:00:00+00:00,2025-08-21 19:00:00+00:00,7.8,9.41,1.21,4.91,52.0,3.02,0.296,0.335,0.92,5.91,-3.22,19
BTC,рост,2025-09-01 04:00:00+00:00,2025-09-18 18:00:00+00:00,17.6,9.7,0.55,2.74,28.0,-3.01,0.299,0.259,0.86,-6.05,-3.01,79
BTC,падение,2025-09-18 18:00:00+00:00,2025-09-25 17:00:00+00:00,7.0,7.63,1.1,1.97,26.0,2.61,0.228,0.232,0.83,4.62,-3.06,78
BTC,рост,2025-09-25 17:00:00+00:00,2025-10-06 18:00:00+00:00,11.0,15.78,1.43,3.01,19.0,-2.71,0.262,0.306,1.25,-4.6,-3.31,21
BTC,падение,2025-10-06 18:00:00+00:00,2025-10-12 00:00:00+00:00,5.2,12.99,2.47,2.68,21.0,12.86,0.332,0.428,2.35,9.05,-3.24,15
BTC,падение,2025-11-11 02:00:00+00:00,2025-11-18 06:00:00+00:00,7.2,15.94,2.22,3.49,22.0,3.27,0.445,0.531,1.33,-1.36,-3.63,9
BTC,рост,2025-11-21 09:00:00+00:00,2025-11-28 13:00:00+00:00,7.2,12.37,1.73,5.82,47.0,-4.03,0.6,0.503,0.94,-17.95,-5.82,59
BTC,падение,2025-12-09 16:00:00+00:00,2025-12-15 17:00:00+00:00,6.0,8.94,1.48,4.73,53.0,4.81,0.455,0.398,0.63,5.5,-4.56,45
BTC,рост,2025-12-24 08:00:00+00:00,2026-01-05 18:00:00+00:00,12.4,8.82,0.71,1.25,14.0,-3.98,0.357,0.258,0.67,-2.86,-3.03,23
BTC,рост,2026-01-08 06:00:00+00:00,2026-01-14 20:00:00+00:00,6.6,8.63,1.31,1.03,12.0,-2.58,0.312,0.363,1.06,0.86,-3.14,43
BTC,падение,2026-01-14 20:00:00+00:00,2026-01-21 16:00:00+00:00,6.8,10.29,1.51,2.34,23.0,3.16,0.35,0.337,1.03,8.08,-3.14,3
BTC,падение,2026-01-23 17:00:00+00:00,2026-02-02 05:00:00+00:00,9.5,16.66,1.75,2.8,17.0,5.26,0.384,0.397,1.7,-1.92,-3.29,7
BTC,падение,2026-03-17 01:00:00+00:00,2026-03-23 00:00:00+00:00,6.0,10.52,1.77,6.11,58.0,3.74,0.471,0.449,0.82,9.37,-3.62,11
BTC,рост,2026-03-27 17:00:00+00:00,2026-04-06 15:00:00+00:00,9.9,6.61,0.67,2.4,36.0,-5.19,0.442,0.387,0.64,-6.8,-3.01,23
BTC,рост,2026-04-19 23:00:00+00:00,2026-04-27 00:00:00+00:00,7.0,7.46,1.06,5.71,76.0,-3.16,0.407,0.353,0.78,3.58,-3.17,15
BTC,рост,2026-04-30 04:00:00+00:00,2026-05-06 11:00:00+00:00,6.3,9.31,1.48,3.75,40.0,-3.02,0.244,0.303,0.91,-0.15,-3.19,28
BTC,падение,2026-05-06 11:00:00+00:00,2026-05-23 07:00:00+00:00,16.8,9.59,0.57,1.6,17.0,4.18,0.322,0.283,0.85,6.54,-3.59,13
BTC,падение,2026-05-25 16:00:00+00:00,2026-06-04 01:00:00+00:00,9.4,20.01,2.13,5.55,28.0,3.19,0.318,0.339,1.46,-1.57,-3.51,2
BTC,рост,2026-06-10 11:00:00+00:00,2026-06-15 15:00:00+00:00,5.2,10.25,1.98,4.37,43.0,-2.79,0.531,0.454,0.83,-13.09,-3.52,41
BTC,рост,2026-06-25 13:00:00+00:00,2026-07-06 00:00:00+00:00,10.5,9.39,0.9,2.36,25.0,-5.82,0.361,0.375,0.89,-8.01,-3.15,12
BTC,рост,2026-07-08 15:00:00+00:00,2026-07-15 15:00:00+00:00,7.0,6.03,0.86,3.98,66.0,-4.43,0.31,0.339,0.97,-0.24,-3.96,38
BTC,падение,2026-07-21 14:00:00+00:00,2026-08-01 19:00:00+00:00,11.2,6.45,0.58,4.25,66.0,4.25,0.319,0.281,0.83,5.31,-3.0,90
ETH,рост,2024-05-15 00:00:00+00:00,2024-05-21 22:00:00+00:00,6.9,32.9,4.76,5.4,16.0,-9.13,,0.499,,,-3.23,13
ETH,падение,2024-06-05 19:00:00+00:00,2024-06-11 15:00:00+00:00,5.8,11.06,1.9,3.93,36.0,3.61,0.329,0.303,0.6,6.29,-5.53,21
ETH,рост,2024-08-15 20:00:00+00:00,2024-08-24 16:00:00+00:00,8.8,10.37,1.17,4.34,42.0,-5.89,0.69,0.491,0.57,-10.42,-3.13,44
ETH,рост,2024-09-16 02:00:00+00:00,2024-09-23 18:00:00+00:00,7.7,18.52,2.42,1.54,8.0,-4.86,0.441,0.571,1.08,-6.44,-3.9,47
ETH,падение,2024-09-27 16:00:00+00:00,2024-10-03 14:00:00+00:00,5.9,14.74,2.49,1.91,13.0,3.76,0.454,0.495,1.07,11.03,-3.44,22
ETH,рост,2024-10-09 20:00:00+00:00,2024-10-15 13:00:00+00:00,5.7,13.37,2.34,3.98,30.0,-3.75,0.531,0.492,0.99,-7.2,-3.86,1
ETH,рост,2024-10-15 14:00:00+00:00,2024-10-20 22:00:00+00:00,5.3,6.99,1.31,2.29,33.0,-5.63,0.433,0.44,0.99,2.54,-3.98,26
ETH,падение,2024-10-20 22:00:00+00:00,2024-10-25 23:00:00+00:00,5.0,11.17,2.21,3.95,35.0,4.75,0.428,0.433,1.43,9.85,-3.03,47
ETH,падение,2024-10-30 14:00:00+00:00,2024-11-04 21:00:00+00:00,5.3,12.49,2.36,7.69,62.0,4.83,0.499,0.551,1.17,5.65,-3.04,10
ETH,рост,2024-11-04 21:00:00+00:00,2024-11-10 11:00:00+00:00,5.6,35.8,6.41,11.86,33.0,-4.0,0.548,0.707,2.29,-7.76,-3.19,9
ETH,рост,2024-11-28 16:00:00+00:00,2024-12-05 11:00:00+00:00,6.8,11.01,1.62,4.73,43.0,-6.91,0.614,0.571,1.04,9.36,-3.25,11
ETH,рост,2024-12-30 14:00:00+00:00,2025-01-06 15:00:00+00:00,7.0,12.03,1.71,1.39,12.0,-3.97,0.447,0.439,0.52,-7.96,-3.92,23
ETH,падение,2025-03-24 18:00:00+00:00,2025-03-31 09:00:00+00:00,6.6,14.83,2.24,4.18,28.0,5.51,0.44,0.501,0.61,4.37,-3.13,6
ETH,рост,2025-06-05 20:00:00+00:00,2025-06-11 16:00:00+00:00,5.8,19.53,3.35,4.92,25.0,-6.08,0.498,0.521,0.86,-6.46,-3.78,6
ETH,рост,2025-06-27 18:00:00+00:00,2025-07-03 13:00:00+00:00,5.8,9.59,1.66,1.84,19.0,-6.02,0.604,0.5,0.67,-4.74,-3.42,18
ETH,рост,2025-07-04 19:00:00+00:00,2025-07-11 09:00:00+00:00,6.6,21.45,3.26,3.54,16.0,-6.09,0.576,0.486,0.89,0.73,-3.28,30
ETH,рост,2025-07-12 15:00:00+00:00,2025-07-18 05:00:00+00:00,5.6,25.85,4.63,4.65,18.0,-4.88,0.576,0.568,1.59,14.9,-3.22,14
ETH,падение,2025-07-28 05:00:00+00:00,2025-08-02 19:00:00+00:00,5.6,13.91,2.49,3.51,25.0,5.47,0.729,0.603,0.97,17.6,-3.01,15
ETH,рост,2025-09-06 19:00:00+00:00,2025-09-13 03:00:00+00:00,6.3,11.78,1.86,1.57,13.0,-3.43,0.681,0.369,0.6,-3.97,-3.03,34
ETH,падение,2025-09-18 16:00:00+00:00,2025-09-25 17:00:00+00:00,7.0,16.93,2.4,2.91,17.0,3.73,0.415,0.407,0.76,4.31,-3.13,9
ETH,рост,2025-09-30 16:00:00+00:00,2025-10-07 12:00:00+00:00,6.8,15.82,2.31,8.9,56.0,-4.3,0.513,0.48,1.11,-5.61,-3.26,2
ETH,падение,2025-12-12 02:00:00+00:00,2025-12-17 18:00:00+00:00,5.7,13.65,2.41,4.42,32.0,5.68,0.648,0.617,0.68,7.79,-5.34,19
ETH,рост,2025-12-25 23:00:00+00:00,2026-01-06 23:00:00+00:00,12.0,13.53,1.13,1.17,9.0,-4.82,0.42,0.331,0.68,-4.59,-3.19,15
ETH,рост,2026-01-09 20:00:00+00:00,2026-01-14 20:00:00+00:00,5.0,10.09,2.02,1.32,13.0,-4.69,0.463,0.384,0.94,1.22,-3.53,43
ETH,падение,2026-01-14 20:00:00+00:00,2026-01-21 16:00:00+00:00,6.8,14.54,2.13,2.7,19.0,4.3,0.382,0.461,1.12,9.75,-5.67,3
ETH,падение,2026-03-17 01:00:00+00:00,2026-03-23 06:00:00+00:00,6.2,13.72,2.21,6.97,51.0,3.82,0.64,0.58,0.8,15.86,-4.78,5
ETH,падение,2026-04-22 13:00:00+00:00,2026-04-29 19:00:00+00:00,7.2,7.6,1.05,4.24,56.0,5.2,0.458,0.359,0.77,8.12,-3.03,41
ETH,рост,2026-04-29 19:00:00+00:00,2026-05-06 09:00:00+00:00,6.6,8.02,1.22,2.77,35.0,-3.53,0.278,0.34,0.79,-3.35,-3.44,15
ETH,падение,2026-05-06 09:00:00+00:00,2026-05-13 15:00:00+00:00,7.2,7.31,1.01,4.01,55.0,5.16,0.323,0.32,1.22,3.67,-3.57,25
ETH,падение,2026-05-21 17:00:00+00:00,2026-05-28 05:00:00+00:00,6.5,7.83,1.2,1.39,18.0,7.0,0.328,0.441,0.97,-5.31,-3.13,35
ETH,рост,2026-07-17 14:00:00+00:00,2026-07-22 16:00:00+00:00,5.1,7.01,1.38,2.59,37.0,-2.57,0.52,0.329,0.83,4.5,-3.17,24
ETH,падение,2026-07-27 06:00:00+00:00,2026-08-01 18:00:00+00:00,5.5,6.69,1.22,2.91,44.0,4.31,0.348,0.531,1.05,6.51,-3.2,94
XRP,рост,2024-05-15 00:00:00+00:00,2024-05-21 14:00:00+00:00,6.6,10.32,1.57,3.75,36.0,-4.33,,0.334,,,-3.0,10
XRP,падение,2024-05-21 14:00:00+00:00,2024-06-02 17:00:00+00:00,12.1,6.77,0.56,1.82,27.0,7.94,0.31,0.386,0.96,,-3.32,46
XRP,падение,2024-06-04 15:00:00+00:00,2024-06-11 16:00:00+00:00,7.0,10.2,1.45,1.51,15.0,14.02,0.328,0.272,1.05,0.84,-3.68,20
XRP,падение,2024-06-20 11:00:00+00:00,2024-06-27 06:00:00+00:00,6.8,6.91,1.02,2.85,41.0,4.1,0.496,0.397,0.76,-0.14,-3.0,28
XRP,рост,2024-07-08 15:00:00+00:00,2024-07-13 19:00:00+00:00,5.2,32.29,6.25,3.47,11.0,-4.86,0.77,0.578,1.4,-9.65,-3.73,1
XRP,рост,2024-08-11 20:00:00+00:00,2024-08-20 09:00:00+00:00,8.5,10.56,1.24,3.51,33.0,-5.66,0.916,0.557,0.53,-5.23,-3.38,6
XRP,падение,2024-08-24 13:00:00+00:00,2024-08-30 15:00:00+00:00,6.1,12.42,2.04,5.25,42.0,5.73,0.439,0.52,0.74,9.71,-3.15,6
XRP,падение,2024-08-31 10:00:00+00:00,2024-09-06 20:00:00+00:00,6.4,11.15,1.74,3.09,28.0,6.05,0.521,0.478,0.61,-1.9,-3.16,4
XRP,рост,2024-09-06 20:00:00+00:00,2024-09-12 12:00:00+00:00,5.7,13.87,2.45,3.87,28.0,-8.97,0.504,0.397,0.57,-12.18,-3.36,3
XRP,рост,2024-09-16 02:00:00+00:00,2024-09-21 16:00:00+00:00,5.6,7.81,1.4,4.4,56.0,-5.29,0.414,0.479,0.91,0.89,-3.04,22
XRP,рост,2024-10-03 08:00:00+00:00,2024-10-15 01:00:00+00:00,11.7,7.96,0.68,5.14,65.0,-4.58,0.952,0.439,0.78,-13.12,-3.34,10
XRP,падение,2024-10-17 04:00:00+00:00,2024-10-25 23:00:00+00:00,8.8,10.19,1.16,2.91,29.0,5.39,0.425,0.413,0.9,0.41,-3.01,40
XRP,падение,2024-10-29 18:00:00+00:00,2024-11-03 18:00:00+00:00,5.0,6.71,1.34,1.85,28.0,4.36,0.283,0.353,0.75,-0.73,-3.21,15
XRP,рост,2024-11-03 18:00:00+00:00,2024-11-10 13:00:00+00:00,6.8,23.42,3.45,5.13,22.0,-6.59,0.35,0.535,1.67,-6.51,-4.99,7
XRP,падение,2025-05-23 03:00:00+00:00,2025-05-28 19:00:00+00:00,5.7,9.94,1.75,6.78,68.0,4.12,0.606,0.394,0.6,5.55,-3.05,5
XRP,рост,2025-06-05 20:00:00+00:00,2025-06-11 14:00:00+00:00,5.8,12.97,2.26,5.63,43.0,-3.45,0.43,0.431,0.74,-10.08,-3.02,11
XRP,падение,2025-06-16 19:00:00+00:00,2025-06-22 15:00:00+00:00,5.8,17.19,2.95,8.01,47.0,4.49,0.441,0.531,1.02,5.65,-4.25,7
XRP,рост,2025-09-01 04:00:00+00:00,2025-09-13 09:00:00+00:00,12.2,16.96,1.39,3.42,20.0,-4.98,0.521,0.477,0.7,-9.43,-3.01,22
XRP,падение,2025-10-02 19:00:00+00:00,2025-10-10 21:00:00+00:00,8.1,24.76,3.06,2.21,9.0,103.38,0.438,0.49,1.34,5.15,-4.77,5
XRP,падение,2025-11-25 00:00:00+00:00,2025-12-01 16:00:00+00:00,6.7,11.9,1.79,2.65,22.0,6.08,0.987,0.683,0.66,1.3,-5.11,22
XRP,падение,2025-12-09 16:00:00+00:00,2025-12-16 02:00:00+00:00,6.4,13.67,2.13,7.09,52.0,4.06,0.573,0.45,0.65,2.92,-3.54,10
XRP,падение,2025-12-20 09:00:00+00:00,2025-12-26 00:00:00+00:00,5.6,6.01,1.07,1.6,27.0,2.88,0.723,0.405,0.54,-3.63,-3.26,74
XRP,рост,2025-12-31 19:00:00+00:00,2026-01-06 02:00:00+00:00,5.3,30.86,5.83,3.72,12.0,-3.49,0.25,0.496,1.42,-4.09,-4.64,14
XRP,падение,2026-03-17 02:00:00+00:00,2026-03-23 08:00:00+00:00,6.2,14.15,2.26,8.0,57.0,3.98,0.518,0.524,0.8,14.49,-3.13,3
XRP,падение,2026-03-23 14:00:00+00:00,2026-03-29 19:00:00+00:00,6.2,9.43,1.52,3.29,35.0,3.93,0.501,0.424,0.68,2.89,-3.05,12
XRP,рост,2026-04-12 14:00:00+00:00,2026-04-17 14:00:00+00:00,5.0,13.34,2.67,3.72,28.0,-3.24,0.445,0.518,1.14,-1.74,-3.04,18
XRP,падение,2026-04-22 13:00:00+00:00,2026-04-29 19:00:00+00:00,7.2,7.24,1.0,1.75,24.0,2.93,0.452,0.324,0.63,6.5,-3.32,42
XRP,рост,2026-04-29 19:00:00+00:00,2026-05-06 10:00:00+00:00,6.6,7.23,1.09,2.43,34.0,-2.48,0.299,0.32,0.65,-3.48,-3.17,17
XRP,падение,2026-05-14 18:00:00+00:00,2026-05-23 08:00:00+00:00,8.6,14.68,1.71,8.0,55.0,4.27,0.488,0.372,1.15,8.71,-4.67,12
XRP,падение,2026-06-15 17:00:00+00:00,2026-06-21 23:00:00+00:00,6.2,12.26,1.96,7.89,64.0,3.45,0.632,0.622,0.84,6.18,-3.46,14
XRP,рост,2026-06-26 02:00:00+00:00,2026-07-04 17:00:00+00:00,8.6,16.44,1.91,3.34,20.0,-5.17,0.51,0.481,0.8,-11.08,-3.05,8
XRP,падение,2026-07-21 18:00:00+00:00,2026-07-28 11:00:00+00:00,6.7,9.38,1.4,4.34,46.0,2.92,0.331,0.336,0.64,4.73,-3.47,18
XRP,падение,2026-07-30 15:00:00+00:00,2026-08-07 16:00:00+00:00,8.0,7.02,0.87,0.79,11.0,4.39,0.474,0.303,0.84,-0.62,-3.13,24
